-- MySQL dump 10.13  Distrib 8.0.35, for Win64 (x86_64)
--
-- Host: 120.78.166.194    Database: main-data
-- ------------------------------------------------------
-- Server version	8.0.36

/*!40101 SET @OLD_CHARACTER_SET_CLIENT=@@CHARACTER_SET_CLIENT */;
/*!40101 SET @OLD_CHARACTER_SET_RESULTS=@@CHARACTER_SET_RESULTS */;
/*!40101 SET @OLD_COLLATION_CONNECTION=@@COLLATION_CONNECTION */;
/*!50503 SET NAMES utf8mb4 */;
/*!40103 SET @OLD_TIME_ZONE=@@TIME_ZONE */;
/*!40103 SET TIME_ZONE='+00:00' */;
/*!40014 SET @OLD_UNIQUE_CHECKS=@@UNIQUE_CHECKS, UNIQUE_CHECKS=0 */;
/*!40014 SET @OLD_FOREIGN_KEY_CHECKS=@@FOREIGN_KEY_CHECKS, FOREIGN_KEY_CHECKS=0 */;
/*!40101 SET @OLD_SQL_MODE=@@SQL_MODE, SQL_MODE='NO_AUTO_VALUE_ON_ZERO' */;
/*!40111 SET @OLD_SQL_NOTES=@@SQL_NOTES, SQL_NOTES=0 */;

--
-- Table structure for table `base_module_resources`
--

DROP TABLE IF EXISTS `base_module_resources`;
/*!40101 SET @saved_cs_client     = @@character_set_client */;
/*!50503 SET character_set_client = utf8mb4 */;
CREATE TABLE `base_module_resources` (
  `ID` varchar(36) NOT NULL,
  `MODULE_NAME` varchar(64) DEFAULT NULL,
  `MODULE_CODE` varchar(64) DEFAULT NULL,
  `MODULE_PATH` varchar(255) DEFAULT NULL,
  `PARENT_ID` varchar(36) DEFAULT NULL,
  `MODULE_ICON` varchar(64) DEFAULT NULL,
  `HTTP_METHOD` varchar(8) DEFAULT NULL,
  `IS_OPERATING` int DEFAULT NULL COMMENT '0 Âê¶Ôºå1 ÊòØ',
  `SORT` int DEFAULT NULL,
  `SYSTEM_ID` varchar(36) DEFAULT NULL,
  `ACTIVE` int DEFAULT NULL,
  `CREATE_DATE` datetime DEFAULT NULL,
  `UPDATE_DATE` datetime DEFAULT NULL,
  PRIMARY KEY (`ID`),
  KEY `FK_Reference_5` (`PARENT_ID`),
  KEY `SYSTEM_ID` (`SYSTEM_ID`),
  CONSTRAINT `FK_Reference_5` FOREIGN KEY (`PARENT_ID`) REFERENCES `base_module_resources` (`ID`) ON DELETE CASCADE,
  CONSTRAINT `FK_Reference_6` FOREIGN KEY (`SYSTEM_ID`) REFERENCES `base_system` (`ID`) ON DELETE CASCADE ON UPDATE CASCADE
) ENGINE=InnoDB DEFAULT CHARSET=utf8mb3;
/*!40101 SET character_set_client = @saved_cs_client */;

--
-- Dumping data for table `base_module_resources`
--

LOCK TABLES `base_module_resources` WRITE;
/*!40000 ALTER TABLE `base_module_resources` DISABLE KEYS */;
INSERT INTO `base_module_resources` VALUES ('113e9c94-8405-11e7-b35a-00ff6227aaa1','Á≥ªÁªüËÆæÁΩÆ','STSTEM_SETTINGS','/system',NULL,'el-icon-setting',NULL,0,1,'d69060a3-914b-11e7-8c99-00ff6227aaa1',1,'2017-08-18 19:04:21','2017-08-23 16:13:29'),('142ce669-96a2-11e7-863e-00ff6227aaa1','Êü•ËØ¢Ê®°ÂùóË°®Ê†º','QUERY_MODULE_TABLE','/module/table','e69131c2-870d-11e7-ad1e-00ff6227aaa1',NULL,'POST',1,NULL,'d69060a3-914b-11e7-8c99-00ff6227aaa1',1,'2017-09-11 11:33:31',NULL),('26305844-96a5-11e7-863e-00ff6227aaa1','Ëé∑ÂèñÂ∑≤ÊéàÊùÉÁöÑÊ®°Âùó','GET_ROLE_AUTH_MODULE','/role/auth/{roleId}','32d0aeab-8405-11e7-b35a-00ff6227aaa1',NULL,'GET',1,0,'d69060a3-914b-11e7-8c99-00ff6227aaa1',1,'2017-09-07 11:37:49',NULL),('2675469b-96a4-11e7-863e-00ff6227aaa1','Êü•ËØ¢Á≥ªÁªüË°®Ê†º','QUERY_SYSTEM_TABLE','/system/table','b25a02e3-92c7-11e7-8c99-00ff6227aaa1',NULL,'POST',1,0,'d69060a3-914b-11e7-8c99-00ff6227aaa1',1,'2017-09-07 11:37:49',NULL),('2c82fb06-8405-11e7-b35a-00ff6227aaa1','Áî®Êà∑ÁÆ°ÁêÜ','USER_MANAGED','/user','113e9c94-8405-11e7-b35a-00ff6227aaa1','el-icon-menu',NULL,0,1,'d69060a3-914b-11e7-8c99-00ff6227aaa1',1,'2017-09-11 10:53:15','2017-08-23 17:09:34'),('31e6c4b8-96a6-11e7-863e-00ff6227aaa1','Ëé∑ÂèñÊâÄÊúâËßíËâ≤','GET_ROLES','/role','32d0aeab-8405-11e7-b35a-00ff6227aaa1',NULL,'GET',1,NULL,'d69060a3-914b-11e7-8c99-00ff6227aaa1',1,'2017-09-11 12:02:45',NULL),('32d0aeab-8405-11e7-b35a-00ff6227aaa1','ËßíËâ≤ÁÆ°ÁêÜ','ROLE_MANAGED','/role','113e9c94-8405-11e7-b35a-00ff6227aaa1',NULL,NULL,0,2,'d69060a3-914b-11e7-8c99-00ff6227aaa1',1,'2017-09-11 10:53:13',NULL),('366b227a-2c30-11e8-bb2a-2cfda1b1e42a','Ê†°È™åËßíËâ≤ÁºñÁ†Å','VALIDATE_ROLE_CODE','/role/validate/{roleCode}','32d0aeab-8405-11e7-b35a-00ff6227aaa1',NULL,'GET',1,0,'d69060a3-914b-11e7-8c99-00ff6227aaa1',1,'2018-03-20 19:17:02',NULL),('3c6bf3e2-969c-11e7-863e-00ff6227aaa1','Êü•ËØ¢Á≥ªÁªü','QUERY_SYSTEM','/system','b25a02e3-92c7-11e7-8c99-00ff6227aaa1',NULL,'GET',1,NULL,'d69060a3-914b-11e7-8c99-00ff6227aaa1',1,'2017-09-11 10:53:18',NULL),('42179355-96a4-11e7-863e-00ff6227aaa1','Êñ∞Â¢ûÁ≥ªÁªü','ADD_SYSTEM','/system','b25a02e3-92c7-11e7-8c99-00ff6227aaa1',NULL,'POST',1,0,'d69060a3-914b-11e7-8c99-00ff6227aaa1',1,'2017-09-07 11:37:49',NULL),('4b7f31dc-96a5-11e7-863e-00ff6227aaa1','‰øùÂ≠òÊéàÊùÉÊ®°Âùó','SAVE_ROLE_AUTH_MODULE','/module/role','32d0aeab-8405-11e7-b35a-00ff6227aaa1',NULL,'POST',1,0,'d69060a3-914b-11e7-8c99-00ff6227aaa1',1,'2017-09-07 11:37:49',NULL),('5039b225-96a4-11e7-863e-00ff6227aaa1','ÁºñËæëÁ≥ªÁªü','EDIT_SYSTEM','/system','b25a02e3-92c7-11e7-8c99-00ff6227aaa1',NULL,'PUT',1,0,'d69060a3-914b-11e7-8c99-00ff6227aaa1',1,'2017-09-07 11:37:49',NULL),('55c48c41-96a2-11e7-863e-00ff6227aaa1','Êñ∞Â¢ûÊ®°Âùó','ADD_MODULE','/module','e69131c2-870d-11e7-ad1e-00ff6227aaa1',NULL,'POST',1,NULL,'d69060a3-914b-11e7-8c99-00ff6227aaa1',1,'2017-09-11 11:35:02',NULL),('56b67433-96dc-11e7-863e-00ff6227aaa1','Ê†°È™åÊ®°Âùó','VALIDATE_MODULE_CODE','/module/validate/{moduleCode}','e69131c2-870d-11e7-ad1e-00ff6227aaa1',NULL,'GET',1,NULL,'d69060a3-914b-11e7-8c99-00ff6227aaa1',1,'2017-09-11 18:31:58',NULL),('5a46be4f3e3a443f9244c8e4ca8c836b','Ê†°È™åÊâãÊú∫Âè∑Á†Å','VALIDATE_USER_PHONE','/user/validate/phone/{phone}','2c82fb06-8405-11e7-b35a-00ff6227aaa1',NULL,'GET',1,0,'d69060a3-914b-11e7-8c99-00ff6227aaa1',1,'2018-06-16 18:04:54','2018-06-16 18:51:10'),('5b5c0fe2-96a6-11e7-863e-00ff6227aaa1','Ëé∑ÂèñÂ∑≤ÊéàÊùÉÁöÑËßíËâ≤','GET_USER_ROLE','/user/role/{userId}','2c82fb06-8405-11e7-b35a-00ff6227aaa1',NULL,'GET',1,NULL,'d69060a3-914b-11e7-8c99-00ff6227aaa1',1,'2017-09-11 12:03:59',NULL),('5c82bed5-96a4-11e7-863e-00ff6227aaa1','Âà†Èô§Á≥ªÁªü','DELETE_SYSTEM','/system','b25a02e3-92c7-11e7-8c99-00ff6227aaa1',NULL,'DELETE',1,0,'d69060a3-914b-11e7-8c99-00ff6227aaa1',1,'2017-09-07 11:37:49',NULL),('7362412e-96a2-11e7-863e-00ff6227aaa1','ÁºñËæëÊ®°Âùó','EDIT_MODULE','/module','e69131c2-870d-11e7-ad1e-00ff6227aaa1',NULL,'PUT',1,NULL,'d69060a3-914b-11e7-8c99-00ff6227aaa1',1,'2017-09-11 11:35:02',NULL),('7bf5a9aa-96a6-11e7-863e-00ff6227aaa1','‰øùÂ≠òÁî®Êà∑ËßíËâ≤ÊéàÊùÉ','SAVE_USER_ROLE','/user/role','2c82fb06-8405-11e7-b35a-00ff6227aaa1',NULL,'POST',1,NULL,'d69060a3-914b-11e7-8c99-00ff6227aaa1',1,'2017-09-11 12:04:51',NULL),('7e669afe-96dc-11e7-863e-00ff6227aaa1','Ê†°È™åÁ≥ªÁªüÈ°πÁõÆÂêç','VALIDATE_PROJECT_NAME','/system/validate/{projectName}','b25a02e3-92c7-11e7-8c99-00ff6227aaa1',NULL,'GET',1,NULL,'d69060a3-914b-11e7-8c99-00ff6227aaa1',1,'2018-05-13 16:40:29',NULL),('7e97b3b3-96a5-11e7-863e-00ff6227aaa1','Êü•ËØ¢Áî®Êà∑Ë°®Ê†º','QUERY_USER_TABLE','/user/table','2c82fb06-8405-11e7-b35a-00ff6227aaa1',NULL,'POST',1,0,'d69060a3-914b-11e7-8c99-00ff6227aaa1',1,'2017-09-07 11:37:49',NULL),('822f714c-96a2-11e7-863e-00ff6227aaa1','Âà†Èô§Ê®°Âùó','DELETE_MODULE','/module','e69131c2-870d-11e7-ad1e-00ff6227aaa1',NULL,'DELETE',1,NULL,'d69060a3-914b-11e7-8c99-00ff6227aaa1',1,'2017-09-11 11:35:02',NULL),('8338ce98-969c-11e7-863e-00ff6227aaa1','Ëé∑ÂèñÊ®°ÂùóÊ†ë','GET_MODULE_TREE','/module/tree','e69131c2-870d-11e7-ad1e-00ff6227aaa1',NULL,'POST',1,NULL,'d69060a3-914b-11e7-8c99-00ff6227aaa1',1,'2017-09-11 10:53:20',NULL),('8e669afe-96dc-11e7-863e-00ff6227aaa1','Ê†°È™åÁî®Êà∑Âêç','VALIDATE_USER_NAME','/user/validate/{userName}','2c82fb06-8405-11e7-b35a-00ff6227aaa1',NULL,'GET',1,NULL,'d69060a3-914b-11e7-8c99-00ff6227aaa1',1,'2017-09-11 18:32:00',NULL),('8f84a111-96a4-11e7-863e-00ff6227aaa1','Êü•ËØ¢ËßíËâ≤Ë°®Ê†º','QUERY_ROLE_TABLE','/role/table','32d0aeab-8405-11e7-b35a-00ff6227aaa1',NULL,'POST',1,0,'d69060a3-914b-11e7-8c99-00ff6227aaa1',1,'2017-09-07 11:37:49',NULL),('943d1ffa-96dd-11e7-863e-00ff6227aaa1','Â∫îÁî®ÁÆ°ÁêÜ','APP_MANAGED','/app','113e9c94-8405-11e7-b35a-00ff6227aaa1',NULL,'GET',0,0,'d69060a3-914b-11e7-8c99-00ff6227aaa1',1,'2017-09-11 18:38:34',NULL),('9d74d7eb-96a5-11e7-863e-00ff6227aaa1','Êñ∞Â¢ûÁî®Êà∑','ADD_USER','/user','2c82fb06-8405-11e7-b35a-00ff6227aaa1',NULL,'POST',1,0,'d69060a3-914b-11e7-8c99-00ff6227aaa1',1,'2017-09-07 11:37:49',NULL),('9fe933bc-96a4-11e7-863e-00ff6227aaa1','Êñ∞Â¢ûËßíËâ≤','ADD_ROLE','/role','32d0aeab-8405-11e7-b35a-00ff6227aaa1',NULL,'POST',1,0,'d69060a3-914b-11e7-8c99-00ff6227aaa1',1,'2017-09-07 11:37:49',NULL),('ad04ec2c-96a4-11e7-863e-00ff6227aaa1','ÁºñËæëËßíËâ≤','EDIT_ROLE','/role','32d0aeab-8405-11e7-b35a-00ff6227aaa1',NULL,'PUT',1,0,'d69060a3-914b-11e7-8c99-00ff6227aaa1',1,'2017-09-07 11:37:49',NULL),('adc1e2dc-96a5-11e7-863e-00ff6227aaa1','ÁºñËæëÁî®Êà∑','EDIT_USER','/user','2c82fb06-8405-11e7-b35a-00ff6227aaa1',NULL,'PUT',1,0,'d69060a3-914b-11e7-8c99-00ff6227aaa1',1,'2017-09-07 11:37:49',NULL),('b0c7cd02-96dd-11e7-863e-00ff6227aaa1','Êü•ËØ¢Â∫îÁî®Ë°®Ê†º','QUERY_APP_TABLE','/client/table','943d1ffa-96dd-11e7-863e-00ff6227aaa1',NULL,'POST',1,0,'d69060a3-914b-11e7-8c99-00ff6227aaa1',1,'2017-09-11 18:39:22',NULL),('b25a02e3-92c7-11e7-8c99-00ff6227aaa1','Á≥ªÁªüÁÆ°ÁêÜ','SYSTEM_MANAGED','/system','113e9c94-8405-11e7-b35a-00ff6227aaa1',NULL,NULL,0,3,'d69060a3-914b-11e7-8c99-00ff6227aaa1',1,'2017-08-22 15:45:08',NULL),('ba185893-96a4-11e7-863e-00ff6227aaa1','Âà†Èô§ËßíËâ≤','DELETE_ROLE','/role','32d0aeab-8405-11e7-b35a-00ff6227aaa1',NULL,'DELETE',1,0,'d69060a3-914b-11e7-8c99-00ff6227aaa1',1,'2017-09-07 11:37:49',NULL),('c3e5fc76-96a5-11e7-863e-00ff6227aaa1','Âà†Èô§Áî®Êà∑','DELETE_USER','/user','2c82fb06-8405-11e7-b35a-00ff6227aaa1',NULL,'DELETE',1,0,'d69060a3-914b-11e7-8c99-00ff6227aaa1',1,'2017-09-07 11:37:49',NULL),('c54a02b8-96dd-11e7-863e-00ff6227aaa1','Êñ∞Â¢ûÂ∫îÁî®','ADD_APP','/client','943d1ffa-96dd-11e7-863e-00ff6227aaa1',NULL,'POST',1,0,'d69060a3-914b-11e7-8c99-00ff6227aaa1',1,'2017-09-11 18:39:56',NULL),('cecfed9a0fc5452b8b4d889e5ea121ae','Ê†°È™åÂ∫îÁî®id','VALIDATE_CLIENT_ID','/client/validate/{clientId}','943d1ffa-96dd-11e7-863e-00ff6227aaa1',NULL,'GET',1,0,'d69060a3-914b-11e7-8c99-00ff6227aaa1',1,'2018-05-15 16:36:36',NULL),('d3fccbfb-96dd-11e7-863e-00ff6227aaa1','ÁºñËæëÂ∫îÁî®','EDIT_APP','/client','943d1ffa-96dd-11e7-863e-00ff6227aaa1',NULL,'PUT',1,0,'d69060a3-914b-11e7-8c99-00ff6227aaa1',1,'2017-09-11 18:40:21',NULL),('e1ff4d1d-96a5-11e7-863e-00ff6227aaa1','ÈáçÁΩÆÂØÜÁ†Å','RESET_PASSWORD','/user/password/{newPassword}','2c82fb06-8405-11e7-b35a-00ff6227aaa1',NULL,'POST',1,0,'d69060a3-914b-11e7-8c99-00ff6227aaa1',1,'2017-09-07 11:37:49',NULL),('e29bd47a-96dd-11e7-863e-00ff6227aaa1','Âà†Èô§Â∫îÁî®','DELETE_APP','/client','943d1ffa-96dd-11e7-863e-00ff6227aaa1',NULL,'DELETE',1,0,'d69060a3-914b-11e7-8c99-00ff6227aaa1',1,'2017-09-11 18:40:45',NULL),('e69131c2-870d-11e7-ad1e-00ff6227aaa1','Ê®°ÂùóÁÆ°ÁêÜ','MODULE_MANAGED','/module','113e9c94-8405-11e7-b35a-00ff6227aaa1',NULL,NULL,0,3,'d69060a3-914b-11e7-8c99-00ff6227aaa1',1,'2017-08-22 15:45:08',NULL),('eff8eda4-937d-11e7-8c99-00ff6227aaa1','Êü•ËØ¢ËèúÂçï','QUERY_MENU','/menu','e69131c2-870d-11e7-ad1e-00ff6227aaa1',NULL,'GET',1,0,'d69060a3-914b-11e7-8c99-00ff6227aaa1',1,'2017-09-07 11:37:49',NULL),('fe4a6d1f-96a4-11e7-863e-00ff6227aaa1','Ëé∑ÂèñÁ≥ªÁªü‰∏éÊ®°Âùó','GET_SYSTEM_MODULE','/system/module','b25a02e3-92c7-11e7-8c99-00ff6227aaa1',NULL,'GET',1,NULL,'d69060a3-914b-11e7-8c99-00ff6227aaa1',1,'2017-09-11 10:53:18',NULL);
/*!40000 ALTER TABLE `base_module_resources` ENABLE KEYS */;
UNLOCK TABLES;

--
-- Table structure for table `base_role`
--

DROP TABLE IF EXISTS `base_role`;
/*!40101 SET @saved_cs_client     = @@character_set_client */;
/*!50503 SET character_set_client = utf8mb4 */;
CREATE TABLE `base_role` (
  `ID` varchar(36) NOT NULL,
  `ROLE_CODE` varchar(64) DEFAULT NULL,
  `ROLE_NAME` varchar(64) DEFAULT NULL,
  `CREATE_DATE` datetime DEFAULT NULL,
  `UPDATE_DATE` datetime DEFAULT NULL,
  PRIMARY KEY (`ID`)
) ENGINE=InnoDB DEFAULT CHARSET=utf8mb3;
/*!40101 SET character_set_client = @saved_cs_client */;

--
-- Dumping data for table `base_role`
--

LOCK TABLES `base_role` WRITE;
/*!40000 ALTER TABLE `base_role` DISABLE KEYS */;
INSERT INTO `base_role` VALUES ('d352297eb11c418e94a5f8f2c1c229db','test','ÊµãËØïËßíËâ≤','2018-05-23 09:02:17',NULL),('ea75bdec-8404-11e7-b35a-00ff6227aaa1','sysadmin','Á≥ªÁªüÁÆ°ÁêÜÂëò','2017-08-18 19:02:58',NULL);
/*!40000 ALTER TABLE `base_role` ENABLE KEYS */;
UNLOCK TABLES;

--
-- Table structure for table `base_role_module`
--

DROP TABLE IF EXISTS `base_role_module`;
/*!40101 SET @saved_cs_client     = @@character_set_client */;
/*!50503 SET character_set_client = utf8mb4 */;
CREATE TABLE `base_role_module` (
  `ID` varchar(36) NOT NULL,
  `ROLE_ID` varchar(36) DEFAULT NULL,
  `MODULE_ID` varchar(36) DEFAULT NULL,
  PRIMARY KEY (`ID`),
  KEY `FK_Reference_3` (`ROLE_ID`),
  KEY `FK_Reference_4` (`MODULE_ID`),
  CONSTRAINT `FK_Reference_3` FOREIGN KEY (`ROLE_ID`) REFERENCES `base_role` (`ID`) ON DELETE CASCADE,
  CONSTRAINT `FK_Reference_4` FOREIGN KEY (`MODULE_ID`) REFERENCES `base_module_resources` (`ID`) ON DELETE CASCADE
) ENGINE=InnoDB DEFAULT CHARSET=utf8mb3;
/*!40101 SET character_set_client = @saved_cs_client */;

--
-- Dumping data for table `base_role_module`
--

LOCK TABLES `base_role_module` WRITE;
/*!40000 ALTER TABLE `base_role_module` DISABLE KEYS */;
INSERT INTO `base_role_module` VALUES ('026d241f7dd4423b9bec3fce399df981','d352297eb11c418e94a5f8f2c1c229db','3c6bf3e2-969c-11e7-863e-00ff6227aaa1'),('1372abd931a24bddafd05dddb59dff3b','d352297eb11c418e94a5f8f2c1c229db','31e6c4b8-96a6-11e7-863e-00ff6227aaa1'),('1c10003ab8324a60bf73aa9cbf116975','d352297eb11c418e94a5f8f2c1c229db','7e669afe-96dc-11e7-863e-00ff6227aaa1'),('2239095a8b03410b9b0f6878571ead8e','d352297eb11c418e94a5f8f2c1c229db','943d1ffa-96dd-11e7-863e-00ff6227aaa1'),('271b057d7dc64a0f9f37d9bf04ee8a37','d352297eb11c418e94a5f8f2c1c229db','26305844-96a5-11e7-863e-00ff6227aaa1'),('30fe178c114d48e299b5a576e53b855b','d352297eb11c418e94a5f8f2c1c229db','2675469b-96a4-11e7-863e-00ff6227aaa1'),('337779fadfa64f6c8b888a24f995c206','d352297eb11c418e94a5f8f2c1c229db','113e9c94-8405-11e7-b35a-00ff6227aaa1'),('4fa58e78b77e4977bdd28c4510cf428c','d352297eb11c418e94a5f8f2c1c229db','7e97b3b3-96a5-11e7-863e-00ff6227aaa1'),('53b2dbcf6b264f3ead75cb350b339eb1','d352297eb11c418e94a5f8f2c1c229db','fe4a6d1f-96a4-11e7-863e-00ff6227aaa1'),('55fa30d390584321bc6c644c097bf7d5','d352297eb11c418e94a5f8f2c1c229db','8f84a111-96a4-11e7-863e-00ff6227aaa1'),('5f241edfa81e42a5b72fe3ef4fff5844','d352297eb11c418e94a5f8f2c1c229db','e69131c2-870d-11e7-ad1e-00ff6227aaa1'),('67ce416e629748a8b3170b2a4fab457c','d352297eb11c418e94a5f8f2c1c229db','56b67433-96dc-11e7-863e-00ff6227aaa1'),('6a021d873e9d4e3789a7529300937d00','d352297eb11c418e94a5f8f2c1c229db','b0c7cd02-96dd-11e7-863e-00ff6227aaa1'),('73086e311647478cb084689fc972dd34','d352297eb11c418e94a5f8f2c1c229db','32d0aeab-8405-11e7-b35a-00ff6227aaa1'),('8a23780e6fd445b688d2be6d8c26ceb0','d352297eb11c418e94a5f8f2c1c229db','142ce669-96a2-11e7-863e-00ff6227aaa1'),('8ba752162b7e450595c70e58bb60eb2d','d352297eb11c418e94a5f8f2c1c229db','cecfed9a0fc5452b8b4d889e5ea121ae'),('983510d092654891b947b8547fcafccf','d352297eb11c418e94a5f8f2c1c229db','366b227a-2c30-11e8-bb2a-2cfda1b1e42a'),('ac9595cd3b364bc29287714c11fd2c8e','d352297eb11c418e94a5f8f2c1c229db','eff8eda4-937d-11e7-8c99-00ff6227aaa1'),('b68a7540e0154047a20bd03c02962736','d352297eb11c418e94a5f8f2c1c229db','2c82fb06-8405-11e7-b35a-00ff6227aaa1'),('bb8f0b32dba743a289c93b755551f870','d352297eb11c418e94a5f8f2c1c229db','8e669afe-96dc-11e7-863e-00ff6227aaa1'),('bd046988996948d398df597eb1b66c6a','d352297eb11c418e94a5f8f2c1c229db','b25a02e3-92c7-11e7-8c99-00ff6227aaa1'),('cecfed9a0fc5452b8b4d889e5ea121ae','ea75bdec-8404-11e7-b35a-00ff6227aaa1','cecfed9a0fc5452b8b4d889e5ea121ae'),('d7303d21bdf44cdda70a9579599bd597','ea75bdec-8404-11e7-b35a-00ff6227aaa1','5a46be4f3e3a443f9244c8e4ca8c836b'),('d81dd115b997417b96944ab07a859bc8','d352297eb11c418e94a5f8f2c1c229db','8338ce98-969c-11e7-863e-00ff6227aaa1'),('e8a5b312211f4b89bbabeb7c0f93bd6f','d352297eb11c418e94a5f8f2c1c229db','5b5c0fe2-96a6-11e7-863e-00ff6227aaa1'),('efffb16b-96dd-11e7-863e-00ff6227aaa1','ea75bdec-8404-11e7-b35a-00ff6227aaa1','113e9c94-8405-11e7-b35a-00ff6227aaa1'),('f0243a50-96dd-11e7-863e-00ff6227aaa1','ea75bdec-8404-11e7-b35a-00ff6227aaa1','2c82fb06-8405-11e7-b35a-00ff6227aaa1'),('f024a821-96dd-11e7-863e-00ff6227aaa1','ea75bdec-8404-11e7-b35a-00ff6227aaa1','5b5c0fe2-96a6-11e7-863e-00ff6227aaa1'),('f02525d7-96dd-11e7-863e-00ff6227aaa1','ea75bdec-8404-11e7-b35a-00ff6227aaa1','7bf5a9aa-96a6-11e7-863e-00ff6227aaa1'),('f025b799-96dd-11e7-863e-00ff6227aaa1','ea75bdec-8404-11e7-b35a-00ff6227aaa1','7e97b3b3-96a5-11e7-863e-00ff6227aaa1'),('f0263f61-96dd-11e7-863e-00ff6227aaa1','ea75bdec-8404-11e7-b35a-00ff6227aaa1','8e669afe-96dc-11e7-863e-00ff6227aaa1'),('f026bfbc-96dd-11e7-863e-00ff6227aaa1','ea75bdec-8404-11e7-b35a-00ff6227aaa1','9d74d7eb-96a5-11e7-863e-00ff6227aaa1'),('f02738c2-96dd-11e7-863e-00ff6227aaa1','ea75bdec-8404-11e7-b35a-00ff6227aaa1','adc1e2dc-96a5-11e7-863e-00ff6227aaa1'),('f027b914-96dd-11e7-863e-00ff6227aaa1','ea75bdec-8404-11e7-b35a-00ff6227aaa1','c3e5fc76-96a5-11e7-863e-00ff6227aaa1'),('f02a2f29-96dd-11e7-863e-00ff6227aaa1','ea75bdec-8404-11e7-b35a-00ff6227aaa1','e1ff4d1d-96a5-11e7-863e-00ff6227aaa1'),('f02abdbb-96dd-11e7-863e-00ff6227aaa1','ea75bdec-8404-11e7-b35a-00ff6227aaa1','32d0aeab-8405-11e7-b35a-00ff6227aaa1'),('f02b4cc5-96dd-11e7-863e-00ff6227aaa1','ea75bdec-8404-11e7-b35a-00ff6227aaa1','26305844-96a5-11e7-863e-00ff6227aaa1'),('f02bd49a-96dd-11e7-863e-00ff6227aaa1','ea75bdec-8404-11e7-b35a-00ff6227aaa1','31e6c4b8-96a6-11e7-863e-00ff6227aaa1'),('f02c7096-96dd-11e7-863e-00ff6227aaa1','ea75bdec-8404-11e7-b35a-00ff6227aaa1','4b7f31dc-96a5-11e7-863e-00ff6227aaa1'),('f02cef1b-96dd-11e7-863e-00ff6227aaa1','ea75bdec-8404-11e7-b35a-00ff6227aaa1','8f84a111-96a4-11e7-863e-00ff6227aaa1'),('f02d8521-96dd-11e7-863e-00ff6227aaa1','ea75bdec-8404-11e7-b35a-00ff6227aaa1','9fe933bc-96a4-11e7-863e-00ff6227aaa1'),('f02e1c58-96dd-11e7-863e-00ff6227aaa1','ea75bdec-8404-11e7-b35a-00ff6227aaa1','ad04ec2c-96a4-11e7-863e-00ff6227aaa1'),('f02ea3b4-96dd-11e7-863e-00ff6227aaa1','ea75bdec-8404-11e7-b35a-00ff6227aaa1','ba185893-96a4-11e7-863e-00ff6227aaa1'),('f02f1987-96dd-11e7-863e-00ff6227aaa1','ea75bdec-8404-11e7-b35a-00ff6227aaa1','943d1ffa-96dd-11e7-863e-00ff6227aaa1'),('f02f9f0d-96dd-11e7-863e-00ff6227aaa1','ea75bdec-8404-11e7-b35a-00ff6227aaa1','b0c7cd02-96dd-11e7-863e-00ff6227aaa1'),('f0303060-96dd-11e7-863e-00ff6227aaa1','ea75bdec-8404-11e7-b35a-00ff6227aaa1','c54a02b8-96dd-11e7-863e-00ff6227aaa1'),('f030b2db-96dd-11e7-863e-00ff6227aaa1','ea75bdec-8404-11e7-b35a-00ff6227aaa1','d3fccbfb-96dd-11e7-863e-00ff6227aaa1'),('f0313839-96dd-11e7-863e-00ff6227aaa1','ea75bdec-8404-11e7-b35a-00ff6227aaa1','e29bd47a-96dd-11e7-863e-00ff6227aaa1'),('f031cf7f-96dd-11e7-863e-00ff6227aaa1','ea75bdec-8404-11e7-b35a-00ff6227aaa1','b25a02e3-92c7-11e7-8c99-00ff6227aaa1'),('f032541b-96dd-11e7-863e-00ff6227aaa1','ea75bdec-8404-11e7-b35a-00ff6227aaa1','2675469b-96a4-11e7-863e-00ff6227aaa1'),('f032e8cc-96dd-11e7-863e-00ff6227aaa1','ea75bdec-8404-11e7-b35a-00ff6227aaa1','3c6bf3e2-969c-11e7-863e-00ff6227aaa1'),('f0336590-96dd-11e7-863e-00ff6227aaa1','ea75bdec-8404-11e7-b35a-00ff6227aaa1','42179355-96a4-11e7-863e-00ff6227aaa1'),('f033dd3f-96dd-11e7-863e-00ff6227aaa1','ea75bdec-8404-11e7-b35a-00ff6227aaa1','5039b225-96a4-11e7-863e-00ff6227aaa1'),('f03453f7-96dd-11e7-863e-00ff6227aaa1','ea75bdec-8404-11e7-b35a-00ff6227aaa1','5c82bed5-96a4-11e7-863e-00ff6227aaa1'),('f034d097-96dd-11e7-863e-00ff6227aaa1','ea75bdec-8404-11e7-b35a-00ff6227aaa1','fe4a6d1f-96a4-11e7-863e-00ff6227aaa1'),('f03546c3-96dd-11e7-863e-00ff6227aaa1','ea75bdec-8404-11e7-b35a-00ff6227aaa1','e69131c2-870d-11e7-ad1e-00ff6227aaa1'),('f035c5a8-96dd-11e7-863e-00ff6227aaa1','ea75bdec-8404-11e7-b35a-00ff6227aaa1','142ce669-96a2-11e7-863e-00ff6227aaa1'),('f0364945-96dd-11e7-863e-00ff6227aaa1','ea75bdec-8404-11e7-b35a-00ff6227aaa1','55c48c41-96a2-11e7-863e-00ff6227aaa1'),('f04a7aa5-96dd-11e7-863e-00ff6227aaa1','ea75bdec-8404-11e7-b35a-00ff6227aaa1','56b67433-96dc-11e7-863e-00ff6227aaa1'),('f04b08a8-96dd-11e7-863e-00ff6227aaa1','ea75bdec-8404-11e7-b35a-00ff6227aaa1','7362412e-96a2-11e7-863e-00ff6227aaa1'),('f04ba0c7-96dd-11e7-863e-00ff6227aaa1','ea75bdec-8404-11e7-b35a-00ff6227aaa1','822f714c-96a2-11e7-863e-00ff6227aaa1'),('f04c375e-96dd-11e7-863e-00ff6227aaa1','ea75bdec-8404-11e7-b35a-00ff6227aaa1','8338ce98-969c-11e7-863e-00ff6227aaa1'),('f04cc577-96dd-11e7-863e-00ff6227aaa1','ea75bdec-8404-11e7-b35a-00ff6227aaa1','eff8eda4-937d-11e7-8c99-00ff6227aaa1'),('f04cc578-96dd-11e7-863e-00ff6227aaa1','ea75bdec-8404-11e7-b35a-00ff6227aaa1','366b227a-2c30-11e8-bb2a-2cfda1b1e42a'),('f14cc578-96dd-11e7-863e-00ff6227aaa1','ea75bdec-8404-11e7-b35a-00ff6227aaa1','7e669afe-96dc-11e7-863e-00ff6227aaa1');
/*!40000 ALTER TABLE `base_role_module` ENABLE KEYS */;
UNLOCK TABLES;

--
-- Table structure for table `base_system`
--

DROP TABLE IF EXISTS `base_system`;
/*!40101 SET @saved_cs_client     = @@character_set_client */;
/*!50503 SET character_set_client = utf8mb4 */;
CREATE TABLE `base_system` (
  `ID` varchar(36) NOT NULL,
  `SYSTEM_NAME` varchar(64) DEFAULT NULL,
  `PROJECT_NAME` varchar(64) DEFAULT NULL,
  `ACTIVE` int DEFAULT NULL COMMENT '0 Á¶ÅÁî®„ÄÅ1 ÂêØÁî®',
  `SORT` int DEFAULT NULL,
  `CREATE_DATE` datetime DEFAULT NULL,
  `UPDATE_DATE` datetime DEFAULT NULL,
  PRIMARY KEY (`ID`)
) ENGINE=InnoDB DEFAULT CHARSET=utf8mb3;
/*!40101 SET character_set_client = @saved_cs_client */;

--
-- Dumping data for table `base_system`
--

LOCK TABLES `base_system` WRITE;
/*!40000 ALTER TABLE `base_system` DISABLE KEYS */;
INSERT INTO `base_system` VALUES ('d69060a3-914b-11e7-8c99-00ff6227aaa1','ÊùÉÈôêÁÆ°ÁêÜÁ≥ªÁªü','main-data',1,1,'2017-09-04 16:37:54','2018-05-13 17:27:23');
/*!40000 ALTER TABLE `base_system` ENABLE KEYS */;
UNLOCK TABLES;

--
-- Table structure for table `base_user`
--

DROP TABLE IF EXISTS `base_user`;
/*!40101 SET @saved_cs_client     = @@character_set_client */;
/*!50503 SET character_set_client = utf8mb4 */;
CREATE TABLE `base_user` (
  `ID` varchar(36) NOT NULL,
  `USER_NAME` varchar(100) DEFAULT NULL,
  `PASSWORD` varchar(255) DEFAULT NULL,
  `PHONE` varchar(11) DEFAULT NULL,
  `GENDER` varchar(6) DEFAULT NULL COMMENT 'male Áî∑„ÄÅfemale Â•≥',
  `AGE` int DEFAULT NULL,
  `ACTIVE` int DEFAULT NULL COMMENT '0 Á¶ÅÁî®„ÄÅ1 ÂêØÁî®',
  `CREATE_DATE` datetime DEFAULT NULL,
  `UPDATE_DATE` datetime DEFAULT NULL,
  PRIMARY KEY (`ID`),
  KEY `AK_Key_2` (`USER_NAME`)
) ENGINE=InnoDB DEFAULT CHARSET=utf8mb3;
/*!40101 SET character_set_client = @saved_cs_client */;

--
-- Dumping data for table `base_user`
--

LOCK TABLES `base_user` WRITE;
/*!40000 ALTER TABLE `base_user` DISABLE KEYS */;
INSERT INTO `base_user` VALUES ('0cb71fdd99d743ae9c8db85039609687','test','$2a$06$SBrOxaGm8nzNCEggHXh2yumyPr1ZC2vqcC.yawhwhQrfoFdXemXCi','13100000000','male',0,1,'2018-05-23 09:00:55',NULL);
/*!40000 ALTER TABLE `base_user` ENABLE KEYS */;
UNLOCK TABLES;

--
-- Table structure for table `base_user_role`
--

DROP TABLE IF EXISTS `base_user_role`;
/*!40101 SET @saved_cs_client     = @@character_set_client */;
/*!50503 SET character_set_client = utf8mb4 */;
CREATE TABLE `base_user_role` (
  `ID` varchar(36) NOT NULL,
  `USER_ID` varchar(36) DEFAULT NULL,
  `ROLE_ID` varchar(36) DEFAULT NULL,
  PRIMARY KEY (`ID`),
  KEY `FK_Reference_2` (`ROLE_ID`),
  CONSTRAINT `FK_Reference_2` FOREIGN KEY (`ROLE_ID`) REFERENCES `base_role` (`ID`) ON DELETE CASCADE
) ENGINE=InnoDB DEFAULT CHARSET=utf8mb3;
/*!40101 SET character_set_client = @saved_cs_client */;

--
-- Dumping data for table `base_user_role`
--

LOCK TABLES `base_user_role` WRITE;
/*!40000 ALTER TABLE `base_user_role` DISABLE KEYS */;
INSERT INTO `base_user_role` VALUES ('9c263bcb22d84f1aa0193e809c2ef4dd','0cb71fdd99d743ae9c8db85039609687','d352297eb11c418e94a5f8f2c1c229db');
/*!40000 ALTER TABLE `base_user_role` ENABLE KEYS */;
UNLOCK TABLES;

--
-- Table structure for table `oauth_access_token`
--

DROP TABLE IF EXISTS `oauth_access_token`;
/*!40101 SET @saved_cs_client     = @@character_set_client */;
/*!50503 SET character_set_client = utf8mb4 */;
CREATE TABLE `oauth_access_token` (
  `authentication_id` varchar(255) NOT NULL,
  `token_id` varchar(255) DEFAULT NULL,
  `token` longblob,
  `user_name` varchar(255) DEFAULT NULL,
  `client_id` varchar(255) DEFAULT NULL,
  `authentication` longblob,
  `refresh_token` varchar(255) DEFAULT NULL,
  PRIMARY KEY (`authentication_id`)
) ENGINE=InnoDB DEFAULT CHARSET=utf8mb3;
/*!40101 SET character_set_client = @saved_cs_client */;

--
-- Dumping data for table `oauth_access_token`
--

LOCK TABLES `oauth_access_token` WRITE;
/*!40000 ALTER TABLE `oauth_access_token` DISABLE KEYS */;
INSERT INTO `oauth_access_token` VALUES ('364f82567990caae0eb92cb7086540f0','863460af3ac79f92c4642dda66305ff8',_binary '¨\Ì\0sr\0Corg.springframework.security.oauth2.common.DefaultOAuth2AccessToken≤û6$˙\Œ\0L\0additionalInformationt\0Ljava/util/Map;L\0\nexpirationt\0Ljava/util/Date;L\0refreshTokent\0?Lorg/springframework/security/oauth2/common/OAuth2RefreshToken;L\0scopet\0Ljava/util/Set;L\0	tokenTypet\0Ljava/lang/String;L\0valueq\0~\0xpsr\0java.util.LinkedHashMap4¿N\\l¿˚\0Z\0accessOrderxr\0java.util.HashMap\⁄¡\√`\—\0F\0\nloadFactorI\0	thresholdxp?@\0\0\0\0\0w\0\0\0\0\0\0t\0	user_infosr\0-com.ricelink.cloud.main.mapper.model.BaseUserV35\Ìm\Õy\0	L\0activet\0Ljava/lang/Integer;L\0ageq\0~\0L\0\ncreateDateq\0~\0L\0genderq\0~\0L\0idq\0~\0L\0passwordq\0~\0L\0phoneq\0~\0L\0\nupdateDateq\0~\0L\0userNameq\0~\0xpsr\0java.lang.Integer‚†§\˜Åá8\0I\0valuexr\0java.lang.NumberÜ¨ïî\‡ã\0\0xp\0\0\0sq\0~\0\0\0\0sr\0java.util.DatehjÅKYt\0\0xpw\0\0^pwO\»xt\01t\0$23818141-83b4-11e7-b35a-00ff6227aaa1pt\013000000000pt\0sysadmint\0jtit\0$2eb81d96-4d4e-4bad-b6a2-7e6b4efdf0a2x\0sq\0~\0w\0\0bIc¨åxsr\0Lorg.springframework.security.oauth2.common.DefaultExpiringOAuth2RefreshToken/\ﬂGcù\–…∑\0L\0\nexpirationq\0~\0xr\0Dorg.springframework.security.oauth2.common.DefaultOAuth2RefreshTokens\·\ncT\‘^\0L\0valueq\0~\0xptÜeyJhbGciOiJSUzI1NiIsInR5cCI6IkpXVCJ9.eyJ1c2VyX2luZm8iOnsiaWQiOiIyMzgxODE0MS04M2I0LTExZTctYjM1YS0wMGZmNjIyN2FhYTEiLCJ1c2VyTmFtZSI6InN5c2FkbWluIiwicGFzc3dvcmQiOm51bGwsInBob25lIjoiMTMwMDAwMDAwMDAiLCJnZW5kZXIiOiIxIiwiYWdlIjoyMiwiYWN0aXZlIjoxLCJjcmVhdGVEYXRlIjoxNTA1MTI1NDIxMDAwLCJ1cGRhdGVEYXRlIjpudWxsfSwidXNlcl9uYW1lIjoic3lzYWRtaW4iLCJzY29wZSI6WyJ1c2VyIl0sImF0aSI6IjJlYjgxZDk2LTRkNGUtNGJhZC1iNmEyLTdlNmI0ZWZkZjBhMiIsImV4cCI6MTUyNDE5ODQ5MSwiYXV0aG9yaXRpZXMiOlsic3lzYWRtaW4iXSwianRpIjoiYzJjZGNhYmYtMzRhOC00ZTZhLTljZDUtNDBjZTZhOTQzZjZhIiwiY2xpZW50X2lkIjoidGVzdDIifQ.NB7aa9kj6EwmhVRtWRVGqyhDChwqSK_jSPLKCy5atRLYPeINT-GSSCMrUA2Yk0TglKE_yuy-5WPfVw_Oqc5243kQ1EEnA5F981AHFCb0Ow1r0nvSF8qok0C7r-nIUpKTxfjMA99Tbm8TYsvBWEOi4phLG3PhU70ccW5zZEoSxIj9rwhorXdJ4AONjrLdtzYb37FIwyJFWejEfHTdY5MqlKkUKXICHRoGEkCWnw8obVjMlYm3XL0rTvem09XT41KX-b-IgI0CNPCalGjlW9Ut3WC3Wwyfdr8gjBhNb1Ispf1KFNufSEQnNxafbMJqK8B4eEC1f40IkRmJxP7qQCYqdwsq\0~\0w\0\0b\·OFãxsr\0%java.util.Collections$UnmodifiableSetÄí—èõÄU\0\0xr\0,java.util.Collections$UnmodifiableCollectionB\0Ä\À^\˜\0L\0ct\0Ljava/util/Collection;xpsr\0java.util.LinkedHashSet\ÿl\◊Zï\›*\0\0xr\0java.util.HashSet∫DÖïñ∏∑4\0\0xpw\0\0\0?@\0\0\0\0\0t\0userxt\0bearertJeyJhbGciOiJSUzI1NiIsInR5cCI6IkpXVCJ9.eyJ1c2VyX2luZm8iOnsiaWQiOiIyMzgxODE0MS04M2I0LTExZTctYjM1YS0wMGZmNjIyN2FhYTEiLCJ1c2VyTmFtZSI6InN5c2FkbWluIiwicGFzc3dvcmQiOm51bGwsInBob25lIjoiMTMwMDAwMDAwMDAiLCJnZW5kZXIiOiIxIiwiYWdlIjoyMiwiYWN0aXZlIjoxLCJjcmVhdGVEYXRlIjoxNTA1MTI1NDIxMDAwLCJ1cGRhdGVEYXRlIjpudWxsfSwidXNlcl9uYW1lIjoic3lzYWRtaW4iLCJzY29wZSI6WyJ1c2VyIl0sImV4cCI6MTUyMTY0OTY5MSwiYXV0aG9yaXRpZXMiOlsic3lzYWRtaW4iXSwianRpIjoiMmViODFkOTYtNGQ0ZS00YmFkLWI2YTItN2U2YjRlZmRmMGEyIiwiY2xpZW50X2lkIjoidGVzdDIifQ.mc_gobNHSYGbBSRGC5Q8Ra0BfkJMml2SW4rj315RBMw8PrSR_siOEP_piPLyo8x2WPymy0z7PBsLliMBpjGlRtph7H13oGYNrDQTmk47E79gXqdamkZpo6qa5e7jmVVnoDu2A0ajPryJhH7IG_ACB25acCPXe4GprQ4PkLEMYFmz7TkaVWVC-3kamat0J0AfqaNEj94Z_zeNfIcZ08mG-kMVGXH4_sVBuAi5lERDsumLYy1UKTFahEzdcOPMgO9MFYnBBv12uveF0CYFAwtsC1FX5U5Q5WB-ghfUxwB6KfJVmvxeDuvci6AhL6bBxiTk-ky2CO-RTe-7zfQp4eLRBw','sysadmin','test2',_binary '¨\Ì\0sr\0Aorg.springframework.security.oauth2.provider.OAuth2AuthenticationΩ@bR\0L\0\rstoredRequestt\0<Lorg/springframework/security/oauth2/provider/OAuth2Request;L\0userAuthenticationt\02Lorg/springframework/security/core/Authentication;xr\0Gorg.springframework.security.authentication.AbstractAuthenticationToken”™(~nGd\0Z\0\rauthenticatedL\0authoritiest\0Ljava/util/Collection;L\0detailst\0Ljava/lang/Object;xp\0sr\0&java.util.Collections$UnmodifiableList¸%1µ\Ïé\0L\0listt\0Ljava/util/List;xr\0,java.util.Collections$UnmodifiableCollectionB\0Ä\À^\˜\0L\0cq\0~\0xpsr\0java.util.ArrayListxÅ\“ô\«aù\0I\0sizexp\0\0\0w\0\0\0sr\06com.ricelink.cloud.auth.pojo.auth.BaseGrantedAuthorityöU\'\"<\‘z\0L\0rolet\0/Lcom/ricelink/cloud/main/mapper/model/BaseRole;L\0usert\0/Lcom/ricelink/cloud/main/mapper/model/BaseUser;xpsr\0-com.ricelink.cloud.main.mapper.model.BaseRole\Ÿyï´%\ı¯\0L\0\ncreateDatet\0Ljava/util/Date;L\0idt\0Ljava/lang/String;L\0modulesq\0~\0L\0roleCodeq\0~\0L\0roleNameq\0~\0L\0\nupdateDateq\0~\0xpsr\0java.util.DatehjÅKYt\0\0xpw\0\0]\\Ï<\0xt\0$ea75bdec-8404-11e7-b35a-00ff6227aaa1sq\0~\0\0\0\0w\0\0\0sr\08com.ricelink.cloud.main.mapper.model.BaseModuleResourcesØu\›¯_\–\ƒ\0L\0activet\0Ljava/lang/Integer;L\0\ncreateDateq\0~\0L\0\nhttpMethodq\0~\0L\0idq\0~\0L\0isOperatingq\0~\0\ZL\0\nmoduleCodeq\0~\0L\0\nmoduleIconq\0~\0L\0\nmoduleNameq\0~\0L\0\nmodulePathq\0~\0L\0parentIdq\0~\0L\0sortq\0~\0\ZL\0\nsubModulesq\0~\0L\0systemIdq\0~\0L\0\nupdateDateq\0~\0xpsr\0java.lang.Integer‚†§\˜Åá8\0I\0valuexr\0java.lang.NumberÜ¨ïî\‡ã\0\0xp\0\0\0sq\0~\0w\0\0]\\Ï<\0xpt\0$113e9c94-8405-11e7-b35a-00ff6227aaa1sq\0~\0\0\0\0\0t\0STSTEM_SETTINGSt\0el-icon-settingt\0Á≥ªÁªüËÆæÁΩÆt\0/systempq\0~\0sq\0~\0\0\0\0w\0\0\0sq\0~\0q\0~\0sq\0~\0w\0\0^lÑ\‹\0xpt\0$2c82fb06-8405-11e7-b35a-00ff6227aaa1q\0~\0!t\0USER_MANAGEDt\0el-icon-menut\0Áî®Êà∑ÁÆ°ÁêÜt\0/usert\0$113e9c94-8405-11e7-b35a-00ff6227aaa1q\0~\0sq\0~\0\0\0\0w\0\0\0sq\0~\0q\0~\0sq\0~\0w\0\0^lÑ\‹\0xt\0GETt\0$5b5c0fe2-96a6-11e7-863e-00ff6227aaa1q\0~\0t\0\rGET_USER_ROLEpt\0Ëé∑ÂèñÂ∑≤ÊéàÊùÉÁöÑËßíËâ≤t\0/user/role/{userId}t\0$2c82fb06-8405-11e7-b35a-00ff6227aaa1psq\0~\0\0\0\0\0w\0\0\0\0xt\0$d69060a3-914b-11e7-8c99-00ff6227aaa1psq\0~\0q\0~\0sq\0~\0w\0\0^lÑ\‹\0xt\0POSTt\0$7bf5a9aa-96a6-11e7-863e-00ff6227aaa1q\0~\0t\0SAVE_USER_ROLEpt\0‰øùÂ≠òÁî®Êà∑ËßíËâ≤ÊéàÊùÉt\0\n/user/rolet\0$2c82fb06-8405-11e7-b35a-00ff6227aaa1psq\0~\0\0\0\0\0w\0\0\0\0xt\0$d69060a3-914b-11e7-8c99-00ff6227aaa1psq\0~\0q\0~\0sq\0~\0w\0\0^W\Îl\0xt\0POSTt\0$7e97b3b3-96a5-11e7-863e-00ff6227aaa1q\0~\0t\0QUERY_USER_TABLEpt\0Êü•ËØ¢Áî®Êà∑Ë°®Ê†ºt\0/user/tablet\0$2c82fb06-8405-11e7-b35a-00ff6227aaa1q\0~\0!sq\0~\0\0\0\0\0w\0\0\0\0xt\0$d69060a3-914b-11e7-8c99-00ff6227aaa1psq\0~\0q\0~\0sq\0~\0w\0\0^lÑ\‹\0xt\0GETt\0$8e669afe-96dc-11e7-863e-00ff6227aaa1q\0~\0t\0VALIDATE_USER_NAMEpt\0Ê†°È™åÁî®Êà∑Âêçt\0/user/validate/{userName}t\0$2c82fb06-8405-11e7-b35a-00ff6227aaa1psq\0~\0\0\0\0\0w\0\0\0\0xt\0$d69060a3-914b-11e7-8c99-00ff6227aaa1psq\0~\0q\0~\0sq\0~\0w\0\0^W\Îl\0xt\0POSTt\0$9d74d7eb-96a5-11e7-863e-00ff6227aaa1q\0~\0t\0ADD_USERpt\0Êñ∞Â¢ûÁî®Êà∑t\0/usert\0$2c82fb06-8405-11e7-b35a-00ff6227aaa1q\0~\0!sq\0~\0\0\0\0\0w\0\0\0\0xt\0$d69060a3-914b-11e7-8c99-00ff6227aaa1psq\0~\0q\0~\0sq\0~\0w\0\0^W\Îl\0xt\0PUTt\0$adc1e2dc-96a5-11e7-863e-00ff6227aaa1q\0~\0t\0	EDIT_USERpt\0ÁºñËæëÁî®Êà∑t\0/usert\0$2c82fb06-8405-11e7-b35a-00ff6227aaa1q\0~\0!sq\0~\0\0\0\0\0w\0\0\0\0xt\0$d69060a3-914b-11e7-8c99-00ff6227aaa1psq\0~\0q\0~\0sq\0~\0w\0\0^W\Îl\0xt\0PUTt\0$c3e5fc76-96a5-11e7-863e-00ff6227aaa1q\0~\0t\0DELETE_USERpt\0Âà†Èô§Áî®Êà∑t\0/usert\0$2c82fb06-8405-11e7-b35a-00ff6227aaa1q\0~\0!sq\0~\0\0\0\0\0w\0\0\0\0xt\0$d69060a3-914b-11e7-8c99-00ff6227aaa1psq\0~\0q\0~\0sq\0~\0w\0\0^W\Îl\0xt\0POSTt\0$e1ff4d1d-96a5-11e7-863e-00ff6227aaa1q\0~\0t\0RESET_PASSWORDpt\0ÈáçÁΩÆÂØÜÁ†Åt\0/user/password/{newPassword}t\0$2c82fb06-8405-11e7-b35a-00ff6227aaa1q\0~\0!sq\0~\0\0\0\0\0w\0\0\0\0xt\0$d69060a3-914b-11e7-8c99-00ff6227aaa1pxt\0$d69060a3-914b-11e7-8c99-00ff6227aaa1sq\0~\0w\0\0^\n¨\0xsq\0~\0q\0~\0sq\0~\0w\0\0^lÑ\‹\0xpt\0$32d0aeab-8405-11e7-b35a-00ff6227aaa1q\0~\0!t\0ROLE_MANAGEDpt\0ËßíËâ≤ÁÆ°ÁêÜt\0/rolet\0$113e9c94-8405-11e7-b35a-00ff6227aaa1sq\0~\0\0\0\0sq\0~\0\0\0\0w\0\0\0sq\0~\0q\0~\0sq\0~\0w\0\0^W\Îl\0xt\0GETt\0$26305844-96a5-11e7-863e-00ff6227aaa1q\0~\0t\0GET_ROLE_AUTH_MODULEpt\0Ëé∑ÂèñÂ∑≤ÊéàÊùÉÁöÑÊ®°Âùót\0/role/auth/{roleId}t\0$32d0aeab-8405-11e7-b35a-00ff6227aaa1q\0~\0!sq\0~\0\0\0\0\0w\0\0\0\0xt\0$d69060a3-914b-11e7-8c99-00ff6227aaa1psq\0~\0q\0~\0sq\0~\0w\0\0^lÑ\‹\0xt\0GETt\0$31e6c4b8-96a6-11e7-863e-00ff6227aaa1q\0~\0t\0	GET_ROLESpt\0Ëé∑ÂèñÊâÄÊúâËßíËâ≤t\0/rolet\0$32d0aeab-8405-11e7-b35a-00ff6227aaa1psq\0~\0\0\0\0\0w\0\0\0\0xt\0$d69060a3-914b-11e7-8c99-00ff6227aaa1psq\0~\0q\0~\0sq\0~\0w\0\0^W\Îl\0xt\0POSTt\0$4b7f31dc-96a5-11e7-863e-00ff6227aaa1q\0~\0t\0SAVE_ROLE_AUTH_MODULEpt\0‰øùÂ≠òÊéàÊùÉÊ®°Âùót\0/module/rolet\0$32d0aeab-8405-11e7-b35a-00ff6227aaa1q\0~\0!sq\0~\0\0\0\0\0w\0\0\0\0xt\0$d69060a3-914b-11e7-8c99-00ff6227aaa1psq\0~\0q\0~\0sq\0~\0w\0\0^W\Îl\0xt\0POSTt\0$8f84a111-96a4-11e7-863e-00ff6227aaa1q\0~\0t\0QUERY_ROLE_TABLEpt\0Êü•ËØ¢ËßíËâ≤Ë°®Ê†ºt\0/role/tablet\0$32d0aeab-8405-11e7-b35a-00ff6227aaa1q\0~\0!sq\0~\0\0\0\0\0w\0\0\0\0xt\0$d69060a3-914b-11e7-8c99-00ff6227aaa1psq\0~\0q\0~\0sq\0~\0w\0\0^W\Îl\0xt\0POSTt\0$9fe933bc-96a4-11e7-863e-00ff6227aaa1q\0~\0t\0ADD_ROLEpt\0Êñ∞Â¢ûËßíËâ≤t\0/rolet\0$32d0aeab-8405-11e7-b35a-00ff6227aaa1q\0~\0!sq\0~\0\0\0\0\0w\0\0\0\0xt\0$d69060a3-914b-11e7-8c99-00ff6227aaa1psq\0~\0q\0~\0sq\0~\0w\0\0^W\Îl\0xt\0PUTt\0$ad04ec2c-96a4-11e7-863e-00ff6227aaa1q\0~\0t\0	EDIT_ROLEpt\0ÁºñËæëËßíËâ≤t\0/rolet\0$32d0aeab-8405-11e7-b35a-00ff6227aaa1q\0~\0!sq\0~\0\0\0\0\0w\0\0\0\0xt\0$d69060a3-914b-11e7-8c99-00ff6227aaa1psq\0~\0q\0~\0sq\0~\0w\0\0^W\Îl\0xt\0DELETEt\0$ba185893-96a4-11e7-863e-00ff6227aaa1q\0~\0t\0DELETE_ROLEpt\0Âà†Èô§ËßíËâ≤t\0/rolet\0$32d0aeab-8405-11e7-b35a-00ff6227aaa1q\0~\0!sq\0~\0\0\0\0\0w\0\0\0\0xt\0$d69060a3-914b-11e7-8c99-00ff6227aaa1pxt\0$d69060a3-914b-11e7-8c99-00ff6227aaa1psq\0~\0q\0~\0sq\0~\0w\0\0^lÑ\‹\0xt\0GETt\0$943d1ffa-96dd-11e7-863e-00ff6227aaa1q\0~\0!t\0APP_MANAGEDpt\0Â∫îÁî®ÁÆ°ÁêÜt\0/appt\0$113e9c94-8405-11e7-b35a-00ff6227aaa1q\0~\0!sq\0~\0\0\0\0w\0\0\0sq\0~\0q\0~\0sq\0~\0w\0\0^lÑ\‹\0xt\0POSTt\0$b0c7cd02-96dd-11e7-863e-00ff6227aaa1q\0~\0t\0QUERY_APP_TABLEpt\0Êü•ËØ¢Â∫îÁî®Ë°®Ê†ºt\0\r/client/tablet\0$943d1ffa-96dd-11e7-863e-00ff6227aaa1q\0~\0!sq\0~\0\0\0\0\0w\0\0\0\0xt\0$d69060a3-914b-11e7-8c99-00ff6227aaa1psq\0~\0q\0~\0sq\0~\0w\0\0^lÑ\‹\0xt\0POSTt\0$c54a02b8-96dd-11e7-863e-00ff6227aaa1q\0~\0t\0ADD_APPpt\0Êñ∞Â¢ûÂ∫îÁî®t\0/clientt\0$943d1ffa-96dd-11e7-863e-00ff6227aaa1q\0~\0!sq\0~\0\0\0\0\0w\0\0\0\0xt\0$d69060a3-914b-11e7-8c99-00ff6227aaa1psq\0~\0q\0~\0sq\0~\0w\0\0^lÑ\‹\0xt\0PUTt\0$d3fccbfb-96dd-11e7-863e-00ff6227aaa1q\0~\0t\0EDIT_APPpt\0ÁºñËæëÂ∫îÁî®t\0/clientt\0$943d1ffa-96dd-11e7-863e-00ff6227aaa1q\0~\0!sq\0~\0\0\0\0\0w\0\0\0\0xt\0$d69060a3-914b-11e7-8c99-00ff6227aaa1psq\0~\0q\0~\0sq\0~\0w\0\0^lÑ\‹\0xt\0DELETEt\0$e29bd47a-96dd-11e7-863e-00ff6227aaa1q\0~\0t\0\nDELETE_APPpt\0Âà†Èô§Â∫îÁî®t\0/clientt\0$943d1ffa-96dd-11e7-863e-00ff6227aaa1q\0~\0!sq\0~\0\0\0\0\0w\0\0\0\0xt\0$d69060a3-914b-11e7-8c99-00ff6227aaa1pxt\0$d69060a3-914b-11e7-8c99-00ff6227aaa1psq\0~\0q\0~\0sq\0~\0w\0\0^Ö¨\0xpt\0$b25a02e3-92c7-11e7-8c99-00ff6227aaa1q\0~\0!t\0SYSTEM_MANAGEDpt\0Á≥ªÁªüÁÆ°ÁêÜt\0/systemt\0$113e9c94-8405-11e7-b35a-00ff6227aaa1sq\0~\0\0\0\0sq\0~\0\0\0\0w\0\0\0sq\0~\0q\0~\0sq\0~\0w\0\0^W\Îl\0xt\0POSTt\0$2675469b-96a4-11e7-863e-00ff6227aaa1q\0~\0t\0QUERY_SYSTEM_TABLEpt\0Êü•ËØ¢Á≥ªÁªüË°®Ê†ºt\0\r/system/tablet\0$b25a02e3-92c7-11e7-8c99-00ff6227aaa1q\0~\0!sq\0~\0\0\0\0\0w\0\0\0\0xt\0$d69060a3-914b-11e7-8c99-00ff6227aaa1psq\0~\0q\0~\0sq\0~\0w\0\0^lÑ\‹\0xt\0GETt\0$3c6bf3e2-969c-11e7-863e-00ff6227aaa1q\0~\0t\0QUERY_SYSTEMpt\0Êü•ËØ¢Á≥ªÁªüt\0/systemt\0$b25a02e3-92c7-11e7-8c99-00ff6227aaa1psq\0~\0\0\0\0\0w\0\0\0\0xt\0$d69060a3-914b-11e7-8c99-00ff6227aaa1psq\0~\0q\0~\0sq\0~\0w\0\0^W\Îl\0xt\0POSTt\0$42179355-96a4-11e7-863e-00ff6227aaa1q\0~\0t\0\nADD_SYSTEMpt\0Êñ∞Â¢ûÁ≥ªÁªüt\0/systemt\0$b25a02e3-92c7-11e7-8c99-00ff6227aaa1q\0~\0!sq\0~\0\0\0\0\0w\0\0\0\0xt\0$d69060a3-914b-11e7-8c99-00ff6227aaa1psq\0~\0q\0~\0sq\0~\0w\0\0^W\Îl\0xt\0PUTt\0$5039b225-96a4-11e7-863e-00ff6227aaa1q\0~\0t\0EDIT_SYSTEMpt\0ÁºñËæëÁ≥ªÁªüt\0/systemt\0$b25a02e3-92c7-11e7-8c99-00ff6227aaa1q\0~\0!sq\0~\0\0\0\0\0w\0\0\0\0xt\0$d69060a3-914b-11e7-8c99-00ff6227aaa1psq\0~\0q\0~\0sq\0~\0w\0\0^W\Îl\0xt\0DELETEt\0$5c82bed5-96a4-11e7-863e-00ff6227aaa1q\0~\0t\0\rDELETE_SYSTEMpt\0Âà†Èô§Á≥ªÁªüt\0/systemt\0$b25a02e3-92c7-11e7-8c99-00ff6227aaa1q\0~\0!sq\0~\0\0\0\0\0w\0\0\0\0xt\0$d69060a3-914b-11e7-8c99-00ff6227aaa1psq\0~\0q\0~\0sq\0~\0w\0\0^lÑ\‹\0xt\0GETt\0$fe4a6d1f-96a4-11e7-863e-00ff6227aaa1q\0~\0t\0GET_SYSTEM_MODULEpt\0Ëé∑ÂèñÁ≥ªÁªü‰∏éÊ®°Âùót\0/system/modulet\0$b25a02e3-92c7-11e7-8c99-00ff6227aaa1psq\0~\0\0\0\0\0w\0\0\0\0xt\0$d69060a3-914b-11e7-8c99-00ff6227aaa1pxt\0$d69060a3-914b-11e7-8c99-00ff6227aaa1psq\0~\0q\0~\0sq\0~\0w\0\0^Ö¨\0xpt\0$e69131c2-870d-11e7-ad1e-00ff6227aaa1q\0~\0!t\0MODULE_MANAGEDpt\0Ê®°ÂùóÁÆ°ÁêÜt\0/modulet\0$113e9c94-8405-11e7-b35a-00ff6227aaa1q\0~sq\0~\0\0\0\0w\0\0\0sq\0~\0q\0~\0sq\0~\0w\0\0^lÑ\‹\0xt\0POSTt\0$142ce669-96a2-11e7-863e-00ff6227aaa1q\0~\0t\0QUERY_MODULE_TABLEpt\0Êü•ËØ¢Ê®°ÂùóË°®Ê†ºt\0\r/module/tablet\0$e69131c2-870d-11e7-ad1e-00ff6227aaa1psq\0~\0\0\0\0\0w\0\0\0\0xt\0$d69060a3-914b-11e7-8c99-00ff6227aaa1psq\0~\0q\0~\0sq\0~\0w\0\0^lÑ\‹\0xt\0POSTt\0$55c48c41-96a2-11e7-863e-00ff6227aaa1q\0~\0t\0\nADD_MODULEpt\0Êñ∞Â¢ûÊ®°Âùót\0/modulet\0$e69131c2-870d-11e7-ad1e-00ff6227aaa1psq\0~\0\0\0\0\0w\0\0\0\0xt\0$d69060a3-914b-11e7-8c99-00ff6227aaa1psq\0~\0q\0~\0sq\0~\0w\0\0^lÑ\‹\0xt\0GETt\0$56b67433-96dc-11e7-863e-00ff6227aaa1q\0~\0t\0VALIDATE_MODULE_CODEpt\0Ê†°È™åÊ®°Âùót\0/module/validate/{moduleCode}t\0$e69131c2-870d-11e7-ad1e-00ff6227aaa1psq\0~\0\0\0\0\0w\0\0\0\0xt\0$d69060a3-914b-11e7-8c99-00ff6227aaa1psq\0~\0q\0~\0sq\0~\0w\0\0^lÑ\‹\0xt\0PUTt\0$7362412e-96a2-11e7-863e-00ff6227aaa1q\0~\0t\0EDIT_MODULEpt\0ÁºñËæëÊ®°Âùót\0/modulet\0$e69131c2-870d-11e7-ad1e-00ff6227aaa1psq\0~\0\0\0\0\0w\0\0\0\0xt\0$d69060a3-914b-11e7-8c99-00ff6227aaa1psq\0~\0q\0~\0sq\0~\0w\0\0^lÑ\‹\0xt\0DELETEt\0$822f714c-96a2-11e7-863e-00ff6227aaa1q\0~\0t\0\rDELETE_MODULEpt\0Âà†Èô§Ê®°Âùót\0/modulet\0$e69131c2-870d-11e7-ad1e-00ff6227aaa1psq\0~\0\0\0\0\0w\0\0\0\0xt\0$d69060a3-914b-11e7-8c99-00ff6227aaa1psq\0~\0q\0~\0sq\0~\0w\0\0^lÑ\‹\0xt\0POSTt\0$8338ce98-969c-11e7-863e-00ff6227aaa1q\0~\0t\0GET_MODULE_TREEpt\0Ëé∑ÂèñÊ®°ÂùóÊ†ët\0/module/treet\0$e69131c2-870d-11e7-ad1e-00ff6227aaa1psq\0~\0\0\0\0\0w\0\0\0\0xt\0$d69060a3-914b-11e7-8c99-00ff6227aaa1psq\0~\0q\0~\0sq\0~\0w\0\0^W\Îl\0xt\0GETt\0$eff8eda4-937d-11e7-8c99-00ff6227aaa1q\0~\0t\0\nQUERY_MENUpt\0Êü•ËØ¢ËèúÂçït\0/resources/menut\0$e69131c2-870d-11e7-ad1e-00ff6227aaa1q\0~\0!sq\0~\0\0\0\0\0w\0\0\0\0xt\0$d69060a3-914b-11e7-8c99-00ff6227aaa1pxt\0$d69060a3-914b-11e7-8c99-00ff6227aaa1pxt\0$d69060a3-914b-11e7-8c99-00ff6227aaa1sq\0~\0w\0\0^\n¨\0xxt\0sysadmint\0Á≥ªÁªüÁÆ°ÁêÜÂëòpsr\0-com.ricelink.cloud.main.mapper.model.BaseUserV35\Ìm\Õy\0	L\0activeq\0~\0\ZL\0ageq\0~\0\ZL\0\ncreateDateq\0~\0L\0genderq\0~\0L\0idq\0~\0L\0passwordq\0~\0L\0phoneq\0~\0L\0\nupdateDateq\0~\0L\0userNameq\0~\0xpq\0~\0sq\0~\0\0\0\0sq\0~\0w\0\0^pwO\»xt\01t\0$23818141-83b4-11e7-b35a-00ff6227aaa1pt\013000000000pt\0sysadminxq\0~\0psr\0:org.springframework.security.oauth2.provider.OAuth2Request\0\0\0\0\0\0\0\0Z\0approvedL\0authoritiesq\0~\0L\0\nextensionst\0Ljava/util/Map;L\0redirectUriq\0~\0L\0refresht\0;Lorg/springframework/security/oauth2/provider/TokenRequest;L\0resourceIdst\0Ljava/util/Set;L\0\rresponseTypesq\0~®xr\08org.springframework.security.oauth2.provider.BaseRequest6(z>£qiΩ\0L\0clientIdq\0~\0L\0requestParametersq\0~¶L\0scopeq\0~®xpt\0test2sr\0%java.util.Collections$UnmodifiableMap\Ò•®˛t\ıB\0L\0mq\0~¶xpsr\0java.util.HashMap\⁄¡\√`\—\0F\0\nloadFactorI\0	thresholdxp?@\0\0\0\0\0w\0\0\0\0\0\0t\0codet\0cJXQHVt\0\ngrant_typet\0authorization_codet\0\rresponse_typet\0codet\0clientt\0test2t\0redirect_urit\0http://127.0.0.1:8083t\0	client_idq\0~´xsr\0%java.util.Collections$UnmodifiableSetÄí—èõÄU\0\0xq\0~\0	sr\0java.util.LinkedHashSet\ÿl\◊Zï\›*\0\0xr\0java.util.HashSet∫DÖïñ∏∑4\0\0xpw\0\0\0?@\0\0\0\0\0t\0userxsq\0~æw\0\0\0?@\0\0\0\0\0\0xsq\0~Æ?@\0\0\0\0\0\0w\0\0\0\0\0\0\0xt\0http://127.0.0.1:8083psq\0~æw\0\0\0?@\0\0\0\0\0\0xsq\0~æw\0\0\0?@\0\0\0\0\0q\0~µxsr\0Oorg.springframework.security.authentication.UsernamePasswordAuthenticationToken\0\0\0\0\0\0§\0L\0credentialsq\0~\0L\0	principalq\0~\0xq\0~\0sq\0~\0sq\0~\0\0\0\0w\0\0\0q\0~\0xq\0~\…sr\0Horg.springframework.security.web.authentication.WebAuthenticationDetails\0\0\0\0\0\0§\0L\0\rremoteAddressq\0~\0L\0	sessionIdq\0~\0xpt\0	127.0.0.1t\0 1E7F0360C32EA03ABBA110CDF5A75194psr\02org.springframework.security.core.userdetails.User\0\0\0\0\0\0§\0Z\0accountNonExpiredZ\0accountNonLockedZ\0credentialsNonExpiredZ\0enabledL\0authoritiesq\0~®L\0passwordq\0~\0L\0usernameq\0~\0xpsq\0~ªsr\0java.util.TreeSet›òPìï\Ìá[\0\0xpsr\0Forg.springframework.security.core.userdetails.User$AuthorityComparator\0\0\0\0\0\0§\0\0xpw\0\0\0q\0~\0xpq\0~§','3b49832288e6ff3f75e70744fdfb9d05'),('86686c118e55393053b0e34c94df206a','c2ae9a853886f8464c7b086896d3066e',_binary '¨\Ì\0sr\0Corg.springframework.security.oauth2.common.DefaultOAuth2AccessToken≤û6$˙\Œ\0L\0additionalInformationt\0Ljava/util/Map;L\0\nexpirationt\0Ljava/util/Date;L\0refreshTokent\0?Lorg/springframework/security/oauth2/common/OAuth2RefreshToken;L\0scopet\0Ljava/util/Set;L\0	tokenTypet\0Ljava/lang/String;L\0valueq\0~\0xpsr\0java.util.LinkedHashMap4¿N\\l¿˚\0Z\0accessOrderxr\0java.util.HashMap\⁄¡\√`\—\0F\0\nloadFactorI\0	thresholdxp?@\0\0\0\0\0w\0\0\0\0\0\0t\0	user_infosr\0-com.ricelink.cloud.main.mapper.model.BaseUserV35\Ìm\Õy\0	L\0activet\0Ljava/lang/Integer;L\0ageq\0~\0L\0\ncreateDateq\0~\0L\0genderq\0~\0L\0idq\0~\0L\0passwordq\0~\0L\0phoneq\0~\0L\0\nupdateDateq\0~\0L\0userNameq\0~\0xpsr\0java.lang.Integer‚†§\˜Åá8\0I\0valuexr\0java.lang.NumberÜ¨ïî\‡ã\0\0xp\0\0\0sq\0~\0\0\0\0sr\0java.util.DatehjÅKYt\0\0xpw\0\0^pwO\»xt\01t\0$23818141-83b4-11e7-b35a-00ff6227aaa1pt\013000000000pt\0sysadmint\0jtit\0$9a18446d-5bfb-4a3b-b84a-578ab9297d56x\0sq\0~\0w\0\0bÇpSxsr\0Lorg.springframework.security.oauth2.common.DefaultExpiringOAuth2RefreshToken/\ﬂGcù\–…∑\0L\0\nexpirationq\0~\0xr\0Dorg.springframework.security.oauth2.common.DefaultOAuth2RefreshTokens\·\ncT\‘^\0L\0valueq\0~\0xptÑeyJhbGciOiJSUzI1NiIsInR5cCI6IkpXVCJ9.eyJ1c2VyX2luZm8iOnsiaWQiOiIyMzgxODE0MS04M2I0LTExZTctYjM1YS0wMGZmNjIyN2FhYTEiLCJ1c2VyTmFtZSI6InN5c2FkbWluIiwicGFzc3dvcmQiOm51bGwsInBob25lIjoiMTMwMDAwMDAwMDAiLCJnZW5kZXIiOiIxIiwiYWdlIjoyMiwiYWN0aXZlIjoxLCJjcmVhdGVEYXRlIjoxNTA1MTI1NDIxMDAwLCJ1cGRhdGVEYXRlIjpudWxsfSwidXNlcl9uYW1lIjoic3lzYWRtaW4iLCJzY29wZSI6WyJ1c2VyIl0sImF0aSI6IjlhMTg0NDZkLTViZmItNGEzYi1iODRhLTU3OGFiOTI5N2Q1NiIsImV4cCI6MTUyNDEyMjc0NCwiYXV0aG9yaXRpZXMiOlsic3lzYWRtaW4iXSwianRpIjoiNzhiOWZlYmEtYTBjOC00MmI4LTljMGMtODc5MDEzNTZmMWI3IiwiY2xpZW50X2lkIjoidGVzdCJ9.LJojfunG0JPR2DlPiPiEgHf1Tyc4XtRvvmqH3V1mhkxW32TV0EpC-GLC7oCnlYOJ0CiC3j8l-KOQlJAQKXbVql_cUoXK2XyjRRYQneG0LuzuYKID8JVJjHwLBtEJdOg5948DBpxsgq7ntfPQEjSFbnCKRJPOfZnrrstbfP2MNJpAuXxTwsU-3aVLhS5bEGyeJ3b5O0dAjjAu3Jw3aYgqH2qmLosyoc4L2Y3xLV6jkqclC7kKg8DcC1uTBapwRGRpw8Kn0RN0duaJKWqZxb5NNPwgukhm_OFkb4Le80iI0XDq23NZ7wlEluu4wIGOn8cwziW0l1hoLW2SITA1HWwz4Qsq\0~\0w\0\0b\‹\Àvxsr\0%java.util.Collections$UnmodifiableSetÄí—èõÄU\0\0xr\0,java.util.Collections$UnmodifiableCollectionB\0Ä\À^\˜\0L\0ct\0Ljava/util/Collection;xpsr\0java.util.LinkedHashSet\ÿl\◊Zï\›*\0\0xr\0java.util.HashSet∫DÖïñ∏∑4\0\0xpw\0\0\0?@\0\0\0\0\0t\0userxt\0bearertHeyJhbGciOiJSUzI1NiIsInR5cCI6IkpXVCJ9.eyJ1c2VyX2luZm8iOnsiaWQiOiIyMzgxODE0MS04M2I0LTExZTctYjM1YS0wMGZmNjIyN2FhYTEiLCJ1c2VyTmFtZSI6InN5c2FkbWluIiwicGFzc3dvcmQiOm51bGwsInBob25lIjoiMTMwMDAwMDAwMDAiLCJnZW5kZXIiOiIxIiwiYWdlIjoyMiwiYWN0aXZlIjoxLCJjcmVhdGVEYXRlIjoxNTA1MTI1NDIxMDAwLCJ1cGRhdGVEYXRlIjpudWxsfSwidXNlcl9uYW1lIjoic3lzYWRtaW4iLCJzY29wZSI6WyJ1c2VyIl0sImV4cCI6MTUyMjYwMDQwNywiYXV0aG9yaXRpZXMiOlsic3lzYWRtaW4iXSwianRpIjoiOWExODQ0NmQtNWJmYi00YTNiLWI4NGEtNTc4YWI5Mjk3ZDU2IiwiY2xpZW50X2lkIjoidGVzdCJ9.T7y1Jm9Tm2wd080VWe3-kLeLTLpe4Q8-byOLr49ua-Nc9QEnS1nI5JbYKmLxPY7IEGJl0PyzFsOq8n6XKN5YvGGVJZLJUiWsu2FgVOxsbPHkSCoA7GmfDvKdOZY5ChRgCGafQmCI9Zj4yiR83jKt99dMJ0PmrdGtJyE8RDjXfJUmx4Kk6_nYU0QW3J4bn7Mq7ABbZHKoaKOyZ-VyG5ON3xKV-EYTsq8QQeyVnCWL_QhChFVYY0GcNvvki4AQLQfVrpRh6yx6IK8V7d4YANHmWg11jF-ZS0lmYVZQaKOLkCPPdeMufzcESxSnc20zRzl3zES9HKb3om2_Pbdf6l4mMw','sysadmin','test',_binary '¨\Ì\0sr\0Aorg.springframework.security.oauth2.provider.OAuth2AuthenticationΩ@bR\0L\0\rstoredRequestt\0<Lorg/springframework/security/oauth2/provider/OAuth2Request;L\0userAuthenticationt\02Lorg/springframework/security/core/Authentication;xr\0Gorg.springframework.security.authentication.AbstractAuthenticationToken”™(~nGd\0Z\0\rauthenticatedL\0authoritiest\0Ljava/util/Collection;L\0detailst\0Ljava/lang/Object;xp\0sr\0&java.util.Collections$UnmodifiableList¸%1µ\Ïé\0L\0listt\0Ljava/util/List;xr\0,java.util.Collections$UnmodifiableCollectionB\0Ä\À^\˜\0L\0cq\0~\0xpsr\0java.util.ArrayListxÅ\“ô\«aù\0I\0sizexp\0\0\0w\0\0\0sr\06com.ricelink.cloud.auth.pojo.auth.BaseGrantedAuthorityöU\'\"<\‘z\0L\0rolet\0/Lcom/ricelink/cloud/main/mapper/model/BaseRole;L\0usert\0/Lcom/ricelink/cloud/main/mapper/model/BaseUser;xpsr\0-com.ricelink.cloud.main.mapper.model.BaseRole\Ÿyï´%\ı¯\0L\0\ncreateDatet\0Ljava/util/Date;L\0idt\0Ljava/lang/String;L\0modulesq\0~\0L\0roleCodeq\0~\0L\0roleNameq\0~\0L\0\nupdateDateq\0~\0xpsr\0java.util.DatehjÅKYt\0\0xpw\0\0]\\Ï<\0xt\0$ea75bdec-8404-11e7-b35a-00ff6227aaa1sq\0~\0\0\0\0w\0\0\0sr\08com.ricelink.cloud.main.mapper.model.BaseModuleResourcesØu\›¯_\–\ƒ\0L\0activet\0Ljava/lang/Integer;L\0\ncreateDateq\0~\0L\0\nhttpMethodq\0~\0L\0idq\0~\0L\0isOperatingq\0~\0\ZL\0\nmoduleCodeq\0~\0L\0\nmoduleIconq\0~\0L\0\nmoduleNameq\0~\0L\0\nmodulePathq\0~\0L\0parentIdq\0~\0L\0sortq\0~\0\ZL\0\nsubModulesq\0~\0L\0systemIdq\0~\0L\0\nupdateDateq\0~\0xpsr\0java.lang.Integer‚†§\˜Åá8\0I\0valuexr\0java.lang.NumberÜ¨ïî\‡ã\0\0xp\0\0\0sq\0~\0w\0\0]\\Ï<\0xpt\0$113e9c94-8405-11e7-b35a-00ff6227aaa1sq\0~\0\0\0\0\0t\0STSTEM_SETTINGSt\0el-icon-settingt\0Á≥ªÁªüËÆæÁΩÆt\0/systempq\0~\0sq\0~\0\0\0\0w\0\0\0sq\0~\0q\0~\0sq\0~\0w\0\0^lÑ\‹\0xpt\0$2c82fb06-8405-11e7-b35a-00ff6227aaa1q\0~\0!t\0USER_MANAGEDt\0el-icon-menut\0Áî®Êà∑ÁÆ°ÁêÜt\0/usert\0$113e9c94-8405-11e7-b35a-00ff6227aaa1q\0~\0sq\0~\0\0\0\0w\0\0\0sq\0~\0q\0~\0sq\0~\0w\0\0^lÑ\‹\0xt\0GETt\0$5b5c0fe2-96a6-11e7-863e-00ff6227aaa1q\0~\0t\0\rGET_USER_ROLEpt\0Ëé∑ÂèñÂ∑≤ÊéàÊùÉÁöÑËßíËâ≤t\0/user/role/{userId}t\0$2c82fb06-8405-11e7-b35a-00ff6227aaa1psq\0~\0\0\0\0\0w\0\0\0\0xt\0$d69060a3-914b-11e7-8c99-00ff6227aaa1psq\0~\0q\0~\0sq\0~\0w\0\0^lÑ\‹\0xt\0POSTt\0$7bf5a9aa-96a6-11e7-863e-00ff6227aaa1q\0~\0t\0SAVE_USER_ROLEpt\0‰øùÂ≠òÁî®Êà∑ËßíËâ≤ÊéàÊùÉt\0\n/user/rolet\0$2c82fb06-8405-11e7-b35a-00ff6227aaa1psq\0~\0\0\0\0\0w\0\0\0\0xt\0$d69060a3-914b-11e7-8c99-00ff6227aaa1psq\0~\0q\0~\0sq\0~\0w\0\0^W\Îl\0xt\0POSTt\0$7e97b3b3-96a5-11e7-863e-00ff6227aaa1q\0~\0t\0QUERY_USER_TABLEpt\0Êü•ËØ¢Áî®Êà∑Ë°®Ê†ºt\0/user/tablet\0$2c82fb06-8405-11e7-b35a-00ff6227aaa1q\0~\0!sq\0~\0\0\0\0\0w\0\0\0\0xt\0$d69060a3-914b-11e7-8c99-00ff6227aaa1psq\0~\0q\0~\0sq\0~\0w\0\0^lÑ\‹\0xt\0GETt\0$8e669afe-96dc-11e7-863e-00ff6227aaa1q\0~\0t\0VALIDATE_USER_NAMEpt\0Ê†°È™åÁî®Êà∑Âêçt\0/user/validate/{userName}t\0$2c82fb06-8405-11e7-b35a-00ff6227aaa1psq\0~\0\0\0\0\0w\0\0\0\0xt\0$d69060a3-914b-11e7-8c99-00ff6227aaa1psq\0~\0q\0~\0sq\0~\0w\0\0^W\Îl\0xt\0POSTt\0$9d74d7eb-96a5-11e7-863e-00ff6227aaa1q\0~\0t\0ADD_USERpt\0Êñ∞Â¢ûÁî®Êà∑t\0/usert\0$2c82fb06-8405-11e7-b35a-00ff6227aaa1q\0~\0!sq\0~\0\0\0\0\0w\0\0\0\0xt\0$d69060a3-914b-11e7-8c99-00ff6227aaa1psq\0~\0q\0~\0sq\0~\0w\0\0^W\Îl\0xt\0PUTt\0$adc1e2dc-96a5-11e7-863e-00ff6227aaa1q\0~\0t\0	EDIT_USERpt\0ÁºñËæëÁî®Êà∑t\0/usert\0$2c82fb06-8405-11e7-b35a-00ff6227aaa1q\0~\0!sq\0~\0\0\0\0\0w\0\0\0\0xt\0$d69060a3-914b-11e7-8c99-00ff6227aaa1psq\0~\0q\0~\0sq\0~\0w\0\0^W\Îl\0xt\0PUTt\0$c3e5fc76-96a5-11e7-863e-00ff6227aaa1q\0~\0t\0DELETE_USERpt\0Âà†Èô§Áî®Êà∑t\0/usert\0$2c82fb06-8405-11e7-b35a-00ff6227aaa1q\0~\0!sq\0~\0\0\0\0\0w\0\0\0\0xt\0$d69060a3-914b-11e7-8c99-00ff6227aaa1psq\0~\0q\0~\0sq\0~\0w\0\0^W\Îl\0xt\0POSTt\0$e1ff4d1d-96a5-11e7-863e-00ff6227aaa1q\0~\0t\0RESET_PASSWORDpt\0ÈáçÁΩÆÂØÜÁ†Åt\0/user/password/{newPassword}t\0$2c82fb06-8405-11e7-b35a-00ff6227aaa1q\0~\0!sq\0~\0\0\0\0\0w\0\0\0\0xt\0$d69060a3-914b-11e7-8c99-00ff6227aaa1pxt\0$d69060a3-914b-11e7-8c99-00ff6227aaa1sq\0~\0w\0\0^\n¨\0xsq\0~\0q\0~\0sq\0~\0w\0\0^lÑ\‹\0xpt\0$32d0aeab-8405-11e7-b35a-00ff6227aaa1q\0~\0!t\0ROLE_MANAGEDpt\0ËßíËâ≤ÁÆ°ÁêÜt\0/rolet\0$113e9c94-8405-11e7-b35a-00ff6227aaa1sq\0~\0\0\0\0sq\0~\0\0\0\0w\0\0\0sq\0~\0q\0~\0sq\0~\0w\0\0^W\Îl\0xt\0GETt\0$26305844-96a5-11e7-863e-00ff6227aaa1q\0~\0t\0GET_ROLE_AUTH_MODULEpt\0Ëé∑ÂèñÂ∑≤ÊéàÊùÉÁöÑÊ®°Âùót\0/role/auth/{roleId}t\0$32d0aeab-8405-11e7-b35a-00ff6227aaa1q\0~\0!sq\0~\0\0\0\0\0w\0\0\0\0xt\0$d69060a3-914b-11e7-8c99-00ff6227aaa1psq\0~\0q\0~\0sq\0~\0w\0\0^lÑ\‹\0xt\0GETt\0$31e6c4b8-96a6-11e7-863e-00ff6227aaa1q\0~\0t\0	GET_ROLESpt\0Ëé∑ÂèñÊâÄÊúâËßíËâ≤t\0/rolet\0$32d0aeab-8405-11e7-b35a-00ff6227aaa1psq\0~\0\0\0\0\0w\0\0\0\0xt\0$d69060a3-914b-11e7-8c99-00ff6227aaa1psq\0~\0q\0~\0sq\0~\0w\0\0^W\Îl\0xt\0POSTt\0$4b7f31dc-96a5-11e7-863e-00ff6227aaa1q\0~\0t\0SAVE_ROLE_AUTH_MODULEpt\0‰øùÂ≠òÊéàÊùÉÊ®°Âùót\0/module/rolet\0$32d0aeab-8405-11e7-b35a-00ff6227aaa1q\0~\0!sq\0~\0\0\0\0\0w\0\0\0\0xt\0$d69060a3-914b-11e7-8c99-00ff6227aaa1psq\0~\0q\0~\0sq\0~\0w\0\0^W\Îl\0xt\0POSTt\0$8f84a111-96a4-11e7-863e-00ff6227aaa1q\0~\0t\0QUERY_ROLE_TABLEpt\0Êü•ËØ¢ËßíËâ≤Ë°®Ê†ºt\0/role/tablet\0$32d0aeab-8405-11e7-b35a-00ff6227aaa1q\0~\0!sq\0~\0\0\0\0\0w\0\0\0\0xt\0$d69060a3-914b-11e7-8c99-00ff6227aaa1psq\0~\0q\0~\0sq\0~\0w\0\0^W\Îl\0xt\0POSTt\0$9fe933bc-96a4-11e7-863e-00ff6227aaa1q\0~\0t\0ADD_ROLEpt\0Êñ∞Â¢ûËßíËâ≤t\0/rolet\0$32d0aeab-8405-11e7-b35a-00ff6227aaa1q\0~\0!sq\0~\0\0\0\0\0w\0\0\0\0xt\0$d69060a3-914b-11e7-8c99-00ff6227aaa1psq\0~\0q\0~\0sq\0~\0w\0\0^W\Îl\0xt\0PUTt\0$ad04ec2c-96a4-11e7-863e-00ff6227aaa1q\0~\0t\0	EDIT_ROLEpt\0ÁºñËæëËßíËâ≤t\0/rolet\0$32d0aeab-8405-11e7-b35a-00ff6227aaa1q\0~\0!sq\0~\0\0\0\0\0w\0\0\0\0xt\0$d69060a3-914b-11e7-8c99-00ff6227aaa1psq\0~\0q\0~\0sq\0~\0w\0\0^W\Îl\0xt\0DELETEt\0$ba185893-96a4-11e7-863e-00ff6227aaa1q\0~\0t\0DELETE_ROLEpt\0Âà†Èô§ËßíËâ≤t\0/rolet\0$32d0aeab-8405-11e7-b35a-00ff6227aaa1q\0~\0!sq\0~\0\0\0\0\0w\0\0\0\0xt\0$d69060a3-914b-11e7-8c99-00ff6227aaa1pxt\0$d69060a3-914b-11e7-8c99-00ff6227aaa1psq\0~\0q\0~\0sq\0~\0w\0\0^lÑ\‹\0xt\0GETt\0$943d1ffa-96dd-11e7-863e-00ff6227aaa1q\0~\0!t\0APP_MANAGEDpt\0Â∫îÁî®ÁÆ°ÁêÜt\0/appt\0$113e9c94-8405-11e7-b35a-00ff6227aaa1q\0~\0!sq\0~\0\0\0\0w\0\0\0sq\0~\0q\0~\0sq\0~\0w\0\0^lÑ\‹\0xt\0POSTt\0$b0c7cd02-96dd-11e7-863e-00ff6227aaa1q\0~\0t\0QUERY_APP_TABLEpt\0Êü•ËØ¢Â∫îÁî®Ë°®Ê†ºt\0\r/client/tablet\0$943d1ffa-96dd-11e7-863e-00ff6227aaa1q\0~\0!sq\0~\0\0\0\0\0w\0\0\0\0xt\0$d69060a3-914b-11e7-8c99-00ff6227aaa1psq\0~\0q\0~\0sq\0~\0w\0\0^lÑ\‹\0xt\0POSTt\0$c54a02b8-96dd-11e7-863e-00ff6227aaa1q\0~\0t\0ADD_APPpt\0Êñ∞Â¢ûÂ∫îÁî®t\0/clientt\0$943d1ffa-96dd-11e7-863e-00ff6227aaa1q\0~\0!sq\0~\0\0\0\0\0w\0\0\0\0xt\0$d69060a3-914b-11e7-8c99-00ff6227aaa1psq\0~\0q\0~\0sq\0~\0w\0\0^lÑ\‹\0xt\0PUTt\0$d3fccbfb-96dd-11e7-863e-00ff6227aaa1q\0~\0t\0EDIT_APPpt\0ÁºñËæëÂ∫îÁî®t\0/clientt\0$943d1ffa-96dd-11e7-863e-00ff6227aaa1q\0~\0!sq\0~\0\0\0\0\0w\0\0\0\0xt\0$d69060a3-914b-11e7-8c99-00ff6227aaa1psq\0~\0q\0~\0sq\0~\0w\0\0^lÑ\‹\0xt\0DELETEt\0$e29bd47a-96dd-11e7-863e-00ff6227aaa1q\0~\0t\0\nDELETE_APPpt\0Âà†Èô§Â∫îÁî®t\0/clientt\0$943d1ffa-96dd-11e7-863e-00ff6227aaa1q\0~\0!sq\0~\0\0\0\0\0w\0\0\0\0xt\0$d69060a3-914b-11e7-8c99-00ff6227aaa1pxt\0$d69060a3-914b-11e7-8c99-00ff6227aaa1psq\0~\0q\0~\0sq\0~\0w\0\0^Ö¨\0xpt\0$b25a02e3-92c7-11e7-8c99-00ff6227aaa1q\0~\0!t\0SYSTEM_MANAGEDpt\0Á≥ªÁªüÁÆ°ÁêÜt\0/systemt\0$113e9c94-8405-11e7-b35a-00ff6227aaa1sq\0~\0\0\0\0sq\0~\0\0\0\0w\0\0\0sq\0~\0q\0~\0sq\0~\0w\0\0^W\Îl\0xt\0POSTt\0$2675469b-96a4-11e7-863e-00ff6227aaa1q\0~\0t\0QUERY_SYSTEM_TABLEpt\0Êü•ËØ¢Á≥ªÁªüË°®Ê†ºt\0\r/system/tablet\0$b25a02e3-92c7-11e7-8c99-00ff6227aaa1q\0~\0!sq\0~\0\0\0\0\0w\0\0\0\0xt\0$d69060a3-914b-11e7-8c99-00ff6227aaa1psq\0~\0q\0~\0sq\0~\0w\0\0^lÑ\‹\0xt\0GETt\0$3c6bf3e2-969c-11e7-863e-00ff6227aaa1q\0~\0t\0QUERY_SYSTEMpt\0Êü•ËØ¢Á≥ªÁªüt\0/systemt\0$b25a02e3-92c7-11e7-8c99-00ff6227aaa1psq\0~\0\0\0\0\0w\0\0\0\0xt\0$d69060a3-914b-11e7-8c99-00ff6227aaa1psq\0~\0q\0~\0sq\0~\0w\0\0^W\Îl\0xt\0POSTt\0$42179355-96a4-11e7-863e-00ff6227aaa1q\0~\0t\0\nADD_SYSTEMpt\0Êñ∞Â¢ûÁ≥ªÁªüt\0/systemt\0$b25a02e3-92c7-11e7-8c99-00ff6227aaa1q\0~\0!sq\0~\0\0\0\0\0w\0\0\0\0xt\0$d69060a3-914b-11e7-8c99-00ff6227aaa1psq\0~\0q\0~\0sq\0~\0w\0\0^W\Îl\0xt\0PUTt\0$5039b225-96a4-11e7-863e-00ff6227aaa1q\0~\0t\0EDIT_SYSTEMpt\0ÁºñËæëÁ≥ªÁªüt\0/systemt\0$b25a02e3-92c7-11e7-8c99-00ff6227aaa1q\0~\0!sq\0~\0\0\0\0\0w\0\0\0\0xt\0$d69060a3-914b-11e7-8c99-00ff6227aaa1psq\0~\0q\0~\0sq\0~\0w\0\0^W\Îl\0xt\0DELETEt\0$5c82bed5-96a4-11e7-863e-00ff6227aaa1q\0~\0t\0\rDELETE_SYSTEMpt\0Âà†Èô§Á≥ªÁªüt\0/systemt\0$b25a02e3-92c7-11e7-8c99-00ff6227aaa1q\0~\0!sq\0~\0\0\0\0\0w\0\0\0\0xt\0$d69060a3-914b-11e7-8c99-00ff6227aaa1psq\0~\0q\0~\0sq\0~\0w\0\0^lÑ\‹\0xt\0GETt\0$fe4a6d1f-96a4-11e7-863e-00ff6227aaa1q\0~\0t\0GET_SYSTEM_MODULEpt\0Ëé∑ÂèñÁ≥ªÁªü‰∏éÊ®°Âùót\0/system/modulet\0$b25a02e3-92c7-11e7-8c99-00ff6227aaa1psq\0~\0\0\0\0\0w\0\0\0\0xt\0$d69060a3-914b-11e7-8c99-00ff6227aaa1pxt\0$d69060a3-914b-11e7-8c99-00ff6227aaa1psq\0~\0q\0~\0sq\0~\0w\0\0^Ö¨\0xpt\0$e69131c2-870d-11e7-ad1e-00ff6227aaa1q\0~\0!t\0MODULE_MANAGEDpt\0Ê®°ÂùóÁÆ°ÁêÜt\0/modulet\0$113e9c94-8405-11e7-b35a-00ff6227aaa1q\0~sq\0~\0\0\0\0w\0\0\0sq\0~\0q\0~\0sq\0~\0w\0\0^lÑ\‹\0xt\0POSTt\0$142ce669-96a2-11e7-863e-00ff6227aaa1q\0~\0t\0QUERY_MODULE_TABLEpt\0Êü•ËØ¢Ê®°ÂùóË°®Ê†ºt\0\r/module/tablet\0$e69131c2-870d-11e7-ad1e-00ff6227aaa1psq\0~\0\0\0\0\0w\0\0\0\0xt\0$d69060a3-914b-11e7-8c99-00ff6227aaa1psq\0~\0q\0~\0sq\0~\0w\0\0^lÑ\‹\0xt\0POSTt\0$55c48c41-96a2-11e7-863e-00ff6227aaa1q\0~\0t\0\nADD_MODULEpt\0Êñ∞Â¢ûÊ®°Âùót\0/modulet\0$e69131c2-870d-11e7-ad1e-00ff6227aaa1psq\0~\0\0\0\0\0w\0\0\0\0xt\0$d69060a3-914b-11e7-8c99-00ff6227aaa1psq\0~\0q\0~\0sq\0~\0w\0\0^lÑ\‹\0xt\0GETt\0$56b67433-96dc-11e7-863e-00ff6227aaa1q\0~\0t\0VALIDATE_MODULE_CODEpt\0Ê†°È™åÊ®°Âùót\0/module/validate/{moduleCode}t\0$e69131c2-870d-11e7-ad1e-00ff6227aaa1psq\0~\0\0\0\0\0w\0\0\0\0xt\0$d69060a3-914b-11e7-8c99-00ff6227aaa1psq\0~\0q\0~\0sq\0~\0w\0\0^lÑ\‹\0xt\0PUTt\0$7362412e-96a2-11e7-863e-00ff6227aaa1q\0~\0t\0EDIT_MODULEpt\0ÁºñËæëÊ®°Âùót\0/modulet\0$e69131c2-870d-11e7-ad1e-00ff6227aaa1psq\0~\0\0\0\0\0w\0\0\0\0xt\0$d69060a3-914b-11e7-8c99-00ff6227aaa1psq\0~\0q\0~\0sq\0~\0w\0\0^lÑ\‹\0xt\0DELETEt\0$822f714c-96a2-11e7-863e-00ff6227aaa1q\0~\0t\0\rDELETE_MODULEpt\0Âà†Èô§Ê®°Âùót\0/modulet\0$e69131c2-870d-11e7-ad1e-00ff6227aaa1psq\0~\0\0\0\0\0w\0\0\0\0xt\0$d69060a3-914b-11e7-8c99-00ff6227aaa1psq\0~\0q\0~\0sq\0~\0w\0\0^lÑ\‹\0xt\0POSTt\0$8338ce98-969c-11e7-863e-00ff6227aaa1q\0~\0t\0GET_MODULE_TREEpt\0Ëé∑ÂèñÊ®°ÂùóÊ†ët\0/module/treet\0$e69131c2-870d-11e7-ad1e-00ff6227aaa1psq\0~\0\0\0\0\0w\0\0\0\0xt\0$d69060a3-914b-11e7-8c99-00ff6227aaa1psq\0~\0q\0~\0sq\0~\0w\0\0^W\Îl\0xt\0GETt\0$eff8eda4-937d-11e7-8c99-00ff6227aaa1q\0~\0t\0\nQUERY_MENUpt\0Êü•ËØ¢ËèúÂçït\0/resources/menut\0$e69131c2-870d-11e7-ad1e-00ff6227aaa1q\0~\0!sq\0~\0\0\0\0\0w\0\0\0\0xt\0$d69060a3-914b-11e7-8c99-00ff6227aaa1pxt\0$d69060a3-914b-11e7-8c99-00ff6227aaa1pxt\0$d69060a3-914b-11e7-8c99-00ff6227aaa1sq\0~\0w\0\0^\n¨\0xxt\0sysadmint\0Á≥ªÁªüÁÆ°ÁêÜÂëòpsr\0-com.ricelink.cloud.main.mapper.model.BaseUserV35\Ìm\Õy\0	L\0activeq\0~\0\ZL\0ageq\0~\0\ZL\0\ncreateDateq\0~\0L\0genderq\0~\0L\0idq\0~\0L\0passwordq\0~\0L\0phoneq\0~\0L\0\nupdateDateq\0~\0L\0userNameq\0~\0xpq\0~\0sq\0~\0\0\0\0sq\0~\0w\0\0^pwO\»xt\01t\0$23818141-83b4-11e7-b35a-00ff6227aaa1pt\013000000000pt\0sysadminxq\0~\0psr\0:org.springframework.security.oauth2.provider.OAuth2Request\0\0\0\0\0\0\0\0Z\0approvedL\0authoritiesq\0~\0L\0\nextensionst\0Ljava/util/Map;L\0redirectUriq\0~\0L\0refresht\0;Lorg/springframework/security/oauth2/provider/TokenRequest;L\0resourceIdst\0Ljava/util/Set;L\0\rresponseTypesq\0~®xr\08org.springframework.security.oauth2.provider.BaseRequest6(z>£qiΩ\0L\0clientIdq\0~\0L\0requestParametersq\0~¶L\0scopeq\0~®xpt\0testsr\0%java.util.Collections$UnmodifiableMap\Ò•®˛t\ıB\0L\0mq\0~¶xpsr\0java.util.HashMap\⁄¡\√`\—\0F\0\nloadFactorI\0	thresholdxp?@\0\0\0\0\0w\0\0\0\0\0\0t\0codet\0OAlD21t\0\ngrant_typet\0authorization_codet\0\rresponse_typet\0codet\0clientt\0testt\0redirect_urit\0http://127.0.0.1:8083t\0	client_idq\0~´xsr\0%java.util.Collections$UnmodifiableSetÄí—èõÄU\0\0xq\0~\0	sr\0java.util.LinkedHashSet\ÿl\◊Zï\›*\0\0xr\0java.util.HashSet∫DÖïñ∏∑4\0\0xpw\0\0\0?@\0\0\0\0\0t\0userxsq\0~æw\0\0\0?@\0\0\0\0\0\0xsq\0~Æ?@\0\0\0\0\0\0w\0\0\0\0\0\0\0xt\0http://127.0.0.1:8083psq\0~æw\0\0\0?@\0\0\0\0\0\0xsq\0~æw\0\0\0?@\0\0\0\0\0q\0~µxsr\0Oorg.springframework.security.authentication.UsernamePasswordAuthenticationToken\0\0\0\0\0\0§\0L\0credentialsq\0~\0L\0	principalq\0~\0xq\0~\0sq\0~\0sq\0~\0\0\0\0w\0\0\0q\0~\0xq\0~\…sr\0Horg.springframework.security.web.authentication.WebAuthenticationDetails\0\0\0\0\0\0§\0L\0\rremoteAddressq\0~\0L\0	sessionIdq\0~\0xpt\0	127.0.0.1t\0 255CE6A8FDA6BDD520C50FD3C0D273A6psr\02org.springframework.security.core.userdetails.User\0\0\0\0\0\0§\0Z\0accountNonExpiredZ\0accountNonLockedZ\0credentialsNonExpiredZ\0enabledL\0authoritiesq\0~®L\0passwordq\0~\0L\0usernameq\0~\0xpsq\0~ªsr\0java.util.TreeSet›òPìï\Ìá[\0\0xpsr\0Forg.springframework.security.core.userdetails.User$AuthorityComparator\0\0\0\0\0\0§\0\0xpw\0\0\0q\0~\0xpq\0~§','a468bc59be646b3a0d4c72c9a2889db5');
/*!40000 ALTER TABLE `oauth_access_token` ENABLE KEYS */;
UNLOCK TABLES;

--
-- Table structure for table `oauth_client_details`
--

DROP TABLE IF EXISTS `oauth_client_details`;
/*!40101 SET @saved_cs_client     = @@character_set_client */;
/*!50503 SET character_set_client = utf8mb4 */;
CREATE TABLE `oauth_client_details` (
  `client_id` varchar(255) NOT NULL,
  `resource_ids` varchar(255) DEFAULT NULL,
  `client_secret` varchar(255) DEFAULT NULL,
  `scope` varchar(255) DEFAULT 'user',
  `authorized_grant_types` varchar(255) DEFAULT NULL,
  `web_server_redirect_uri` varchar(255) DEFAULT NULL,
  `authorities` varchar(255) DEFAULT NULL,
  `access_token_validity` int DEFAULT NULL,
  `refresh_token_validity` int DEFAULT NULL,
  `additional_information` varchar(4096) DEFAULT NULL,
  `autoapprove` varchar(255) DEFAULT NULL,
  `name` varchar(64) DEFAULT NULL,
  PRIMARY KEY (`client_id`)
) ENGINE=InnoDB DEFAULT CHARSET=utf8mb3;
/*!40101 SET character_set_client = @saved_cs_client */;

--
-- Dumping data for table `oauth_client_details`
--

LOCK TABLES `oauth_client_details` WRITE;
/*!40000 ALTER TABLE `oauth_client_details` DISABLE KEYS */;
INSERT INTO `oauth_client_details` VALUES ('test',NULL,'test','user','authorization_code,refresh_token,password,implicit,client_credentials',NULL,NULL,43200,NULL,NULL,'false','Âü∫Á°ÄÂ∫îÁî®'),('test2',NULL,'tes','user','authorization_code',NULL,NULL,43205,NULL,NULL,'true','ÊµãËØïÂ∫îÁî®');
/*!40000 ALTER TABLE `oauth_client_details` ENABLE KEYS */;
UNLOCK TABLES;

--
-- Table structure for table `oauth_refresh_token`
--

DROP TABLE IF EXISTS `oauth_refresh_token`;
/*!40101 SET @saved_cs_client     = @@character_set_client */;
/*!50503 SET character_set_client = utf8mb4 */;
CREATE TABLE `oauth_refresh_token` (
  `token_id` varchar(255) DEFAULT NULL,
  `token` longblob,
  `authentication` longblob
) ENGINE=InnoDB DEFAULT CHARSET=utf8mb3;
/*!40101 SET character_set_client = @saved_cs_client */;

--
-- Dumping data for table `oauth_refresh_token`
--

LOCK TABLES `oauth_refresh_token` WRITE;
/*!40000 ALTER TABLE `oauth_refresh_token` DISABLE KEYS */;
INSERT INTO `oauth_refresh_token` VALUES ('3b49832288e6ff3f75e70744fdfb9d05',_binary '¨\Ì\0sr\0Lorg.springframework.security.oauth2.common.DefaultExpiringOAuth2RefreshToken/\ﬂGcù\–…∑\0L\0\nexpirationt\0Ljava/util/Date;xr\0Dorg.springframework.security.oauth2.common.DefaultOAuth2RefreshTokens\·\ncT\‘^\0L\0valuet\0Ljava/lang/String;xptÜeyJhbGciOiJSUzI1NiIsInR5cCI6IkpXVCJ9.eyJ1c2VyX2luZm8iOnsiaWQiOiIyMzgxODE0MS04M2I0LTExZTctYjM1YS0wMGZmNjIyN2FhYTEiLCJ1c2VyTmFtZSI6InN5c2FkbWluIiwicGFzc3dvcmQiOm51bGwsInBob25lIjoiMTMwMDAwMDAwMDAiLCJnZW5kZXIiOiIxIiwiYWdlIjoyMiwiYWN0aXZlIjoxLCJjcmVhdGVEYXRlIjoxNTA1MTI1NDIxMDAwLCJ1cGRhdGVEYXRlIjpudWxsfSwidXNlcl9uYW1lIjoic3lzYWRtaW4iLCJzY29wZSI6WyJ1c2VyIl0sImF0aSI6IjJlYjgxZDk2LTRkNGUtNGJhZC1iNmEyLTdlNmI0ZWZkZjBhMiIsImV4cCI6MTUyNDE5ODQ5MSwiYXV0aG9yaXRpZXMiOlsic3lzYWRtaW4iXSwianRpIjoiYzJjZGNhYmYtMzRhOC00ZTZhLTljZDUtNDBjZTZhOTQzZjZhIiwiY2xpZW50X2lkIjoidGVzdDIifQ.NB7aa9kj6EwmhVRtWRVGqyhDChwqSK_jSPLKCy5atRLYPeINT-GSSCMrUA2Yk0TglKE_yuy-5WPfVw_Oqc5243kQ1EEnA5F981AHFCb0Ow1r0nvSF8qok0C7r-nIUpKTxfjMA99Tbm8TYsvBWEOi4phLG3PhU70ccW5zZEoSxIj9rwhorXdJ4AONjrLdtzYb37FIwyJFWejEfHTdY5MqlKkUKXICHRoGEkCWnw8obVjMlYm3XL0rTvem09XT41KX-b-IgI0CNPCalGjlW9Ut3WC3Wwyfdr8gjBhNb1Ispf1KFNufSEQnNxafbMJqK8B4eEC1f40IkRmJxP7qQCYqdwsr\0java.util.DatehjÅKYt\0\0xpw\0\0b\·OFãx',_binary '¨\Ì\0sr\0Aorg.springframework.security.oauth2.provider.OAuth2AuthenticationΩ@bR\0L\0\rstoredRequestt\0<Lorg/springframework/security/oauth2/provider/OAuth2Request;L\0userAuthenticationt\02Lorg/springframework/security/core/Authentication;xr\0Gorg.springframework.security.authentication.AbstractAuthenticationToken”™(~nGd\0Z\0\rauthenticatedL\0authoritiest\0Ljava/util/Collection;L\0detailst\0Ljava/lang/Object;xp\0sr\0&java.util.Collections$UnmodifiableList¸%1µ\Ïé\0L\0listt\0Ljava/util/List;xr\0,java.util.Collections$UnmodifiableCollectionB\0Ä\À^\˜\0L\0cq\0~\0xpsr\0java.util.ArrayListxÅ\“ô\«aù\0I\0sizexp\0\0\0w\0\0\0sr\06com.ricelink.cloud.auth.pojo.auth.BaseGrantedAuthorityöU\'\"<\‘z\0L\0rolet\0/Lcom/ricelink/cloud/main/mapper/model/BaseRole;L\0usert\0/Lcom/ricelink/cloud/main/mapper/model/BaseUser;xpsr\0-com.ricelink.cloud.main.mapper.model.BaseRole\Ÿyï´%\ı¯\0L\0\ncreateDatet\0Ljava/util/Date;L\0idt\0Ljava/lang/String;L\0modulesq\0~\0L\0roleCodeq\0~\0L\0roleNameq\0~\0L\0\nupdateDateq\0~\0xpsr\0java.util.DatehjÅKYt\0\0xpw\0\0]\\Ï<\0xt\0$ea75bdec-8404-11e7-b35a-00ff6227aaa1sq\0~\0\0\0\0w\0\0\0sr\08com.ricelink.cloud.main.mapper.model.BaseModuleResourcesØu\›¯_\–\ƒ\0L\0activet\0Ljava/lang/Integer;L\0\ncreateDateq\0~\0L\0\nhttpMethodq\0~\0L\0idq\0~\0L\0isOperatingq\0~\0\ZL\0\nmoduleCodeq\0~\0L\0\nmoduleIconq\0~\0L\0\nmoduleNameq\0~\0L\0\nmodulePathq\0~\0L\0parentIdq\0~\0L\0sortq\0~\0\ZL\0\nsubModulesq\0~\0L\0systemIdq\0~\0L\0\nupdateDateq\0~\0xpsr\0java.lang.Integer‚†§\˜Åá8\0I\0valuexr\0java.lang.NumberÜ¨ïî\‡ã\0\0xp\0\0\0sq\0~\0w\0\0]\\Ï<\0xpt\0$113e9c94-8405-11e7-b35a-00ff6227aaa1sq\0~\0\0\0\0\0t\0STSTEM_SETTINGSt\0el-icon-settingt\0Á≥ªÁªüËÆæÁΩÆt\0/systempq\0~\0sq\0~\0\0\0\0w\0\0\0sq\0~\0q\0~\0sq\0~\0w\0\0^lÑ\‹\0xpt\0$2c82fb06-8405-11e7-b35a-00ff6227aaa1q\0~\0!t\0USER_MANAGEDt\0el-icon-menut\0Áî®Êà∑ÁÆ°ÁêÜt\0/usert\0$113e9c94-8405-11e7-b35a-00ff6227aaa1q\0~\0sq\0~\0\0\0\0w\0\0\0sq\0~\0q\0~\0sq\0~\0w\0\0^lÑ\‹\0xt\0GETt\0$5b5c0fe2-96a6-11e7-863e-00ff6227aaa1q\0~\0t\0\rGET_USER_ROLEpt\0Ëé∑ÂèñÂ∑≤ÊéàÊùÉÁöÑËßíËâ≤t\0/user/role/{userId}t\0$2c82fb06-8405-11e7-b35a-00ff6227aaa1psq\0~\0\0\0\0\0w\0\0\0\0xt\0$d69060a3-914b-11e7-8c99-00ff6227aaa1psq\0~\0q\0~\0sq\0~\0w\0\0^lÑ\‹\0xt\0POSTt\0$7bf5a9aa-96a6-11e7-863e-00ff6227aaa1q\0~\0t\0SAVE_USER_ROLEpt\0‰øùÂ≠òÁî®Êà∑ËßíËâ≤ÊéàÊùÉt\0\n/user/rolet\0$2c82fb06-8405-11e7-b35a-00ff6227aaa1psq\0~\0\0\0\0\0w\0\0\0\0xt\0$d69060a3-914b-11e7-8c99-00ff6227aaa1psq\0~\0q\0~\0sq\0~\0w\0\0^W\Îl\0xt\0POSTt\0$7e97b3b3-96a5-11e7-863e-00ff6227aaa1q\0~\0t\0QUERY_USER_TABLEpt\0Êü•ËØ¢Áî®Êà∑Ë°®Ê†ºt\0/user/tablet\0$2c82fb06-8405-11e7-b35a-00ff6227aaa1q\0~\0!sq\0~\0\0\0\0\0w\0\0\0\0xt\0$d69060a3-914b-11e7-8c99-00ff6227aaa1psq\0~\0q\0~\0sq\0~\0w\0\0^lÑ\‹\0xt\0GETt\0$8e669afe-96dc-11e7-863e-00ff6227aaa1q\0~\0t\0VALIDATE_USER_NAMEpt\0Ê†°È™åÁî®Êà∑Âêçt\0/user/validate/{userName}t\0$2c82fb06-8405-11e7-b35a-00ff6227aaa1psq\0~\0\0\0\0\0w\0\0\0\0xt\0$d69060a3-914b-11e7-8c99-00ff6227aaa1psq\0~\0q\0~\0sq\0~\0w\0\0^W\Îl\0xt\0POSTt\0$9d74d7eb-96a5-11e7-863e-00ff6227aaa1q\0~\0t\0ADD_USERpt\0Êñ∞Â¢ûÁî®Êà∑t\0/usert\0$2c82fb06-8405-11e7-b35a-00ff6227aaa1q\0~\0!sq\0~\0\0\0\0\0w\0\0\0\0xt\0$d69060a3-914b-11e7-8c99-00ff6227aaa1psq\0~\0q\0~\0sq\0~\0w\0\0^W\Îl\0xt\0PUTt\0$adc1e2dc-96a5-11e7-863e-00ff6227aaa1q\0~\0t\0	EDIT_USERpt\0ÁºñËæëÁî®Êà∑t\0/usert\0$2c82fb06-8405-11e7-b35a-00ff6227aaa1q\0~\0!sq\0~\0\0\0\0\0w\0\0\0\0xt\0$d69060a3-914b-11e7-8c99-00ff6227aaa1psq\0~\0q\0~\0sq\0~\0w\0\0^W\Îl\0xt\0PUTt\0$c3e5fc76-96a5-11e7-863e-00ff6227aaa1q\0~\0t\0DELETE_USERpt\0Âà†Èô§Áî®Êà∑t\0/usert\0$2c82fb06-8405-11e7-b35a-00ff6227aaa1q\0~\0!sq\0~\0\0\0\0\0w\0\0\0\0xt\0$d69060a3-914b-11e7-8c99-00ff6227aaa1psq\0~\0q\0~\0sq\0~\0w\0\0^W\Îl\0xt\0POSTt\0$e1ff4d1d-96a5-11e7-863e-00ff6227aaa1q\0~\0t\0RESET_PASSWORDpt\0ÈáçÁΩÆÂØÜÁ†Åt\0/user/password/{newPassword}t\0$2c82fb06-8405-11e7-b35a-00ff6227aaa1q\0~\0!sq\0~\0\0\0\0\0w\0\0\0\0xt\0$d69060a3-914b-11e7-8c99-00ff6227aaa1pxt\0$d69060a3-914b-11e7-8c99-00ff6227aaa1sq\0~\0w\0\0^\n¨\0xsq\0~\0q\0~\0sq\0~\0w\0\0^lÑ\‹\0xpt\0$32d0aeab-8405-11e7-b35a-00ff6227aaa1q\0~\0!t\0ROLE_MANAGEDpt\0ËßíËâ≤ÁÆ°ÁêÜt\0/rolet\0$113e9c94-8405-11e7-b35a-00ff6227aaa1sq\0~\0\0\0\0sq\0~\0\0\0\0w\0\0\0sq\0~\0q\0~\0sq\0~\0w\0\0^W\Îl\0xt\0GETt\0$26305844-96a5-11e7-863e-00ff6227aaa1q\0~\0t\0GET_ROLE_AUTH_MODULEpt\0Ëé∑ÂèñÂ∑≤ÊéàÊùÉÁöÑÊ®°Âùót\0/role/auth/{roleId}t\0$32d0aeab-8405-11e7-b35a-00ff6227aaa1q\0~\0!sq\0~\0\0\0\0\0w\0\0\0\0xt\0$d69060a3-914b-11e7-8c99-00ff6227aaa1psq\0~\0q\0~\0sq\0~\0w\0\0^lÑ\‹\0xt\0GETt\0$31e6c4b8-96a6-11e7-863e-00ff6227aaa1q\0~\0t\0	GET_ROLESpt\0Ëé∑ÂèñÊâÄÊúâËßíËâ≤t\0/rolet\0$32d0aeab-8405-11e7-b35a-00ff6227aaa1psq\0~\0\0\0\0\0w\0\0\0\0xt\0$d69060a3-914b-11e7-8c99-00ff6227aaa1psq\0~\0q\0~\0sq\0~\0w\0\0^W\Îl\0xt\0POSTt\0$4b7f31dc-96a5-11e7-863e-00ff6227aaa1q\0~\0t\0SAVE_ROLE_AUTH_MODULEpt\0‰øùÂ≠òÊéàÊùÉÊ®°Âùót\0/module/rolet\0$32d0aeab-8405-11e7-b35a-00ff6227aaa1q\0~\0!sq\0~\0\0\0\0\0w\0\0\0\0xt\0$d69060a3-914b-11e7-8c99-00ff6227aaa1psq\0~\0q\0~\0sq\0~\0w\0\0^W\Îl\0xt\0POSTt\0$8f84a111-96a4-11e7-863e-00ff6227aaa1q\0~\0t\0QUERY_ROLE_TABLEpt\0Êü•ËØ¢ËßíËâ≤Ë°®Ê†ºt\0/role/tablet\0$32d0aeab-8405-11e7-b35a-00ff6227aaa1q\0~\0!sq\0~\0\0\0\0\0w\0\0\0\0xt\0$d69060a3-914b-11e7-8c99-00ff6227aaa1psq\0~\0q\0~\0sq\0~\0w\0\0^W\Îl\0xt\0POSTt\0$9fe933bc-96a4-11e7-863e-00ff6227aaa1q\0~\0t\0ADD_ROLEpt\0Êñ∞Â¢ûËßíËâ≤t\0/rolet\0$32d0aeab-8405-11e7-b35a-00ff6227aaa1q\0~\0!sq\0~\0\0\0\0\0w\0\0\0\0xt\0$d69060a3-914b-11e7-8c99-00ff6227aaa1psq\0~\0q\0~\0sq\0~\0w\0\0^W\Îl\0xt\0PUTt\0$ad04ec2c-96a4-11e7-863e-00ff6227aaa1q\0~\0t\0	EDIT_ROLEpt\0ÁºñËæëËßíËâ≤t\0/rolet\0$32d0aeab-8405-11e7-b35a-00ff6227aaa1q\0~\0!sq\0~\0\0\0\0\0w\0\0\0\0xt\0$d69060a3-914b-11e7-8c99-00ff6227aaa1psq\0~\0q\0~\0sq\0~\0w\0\0^W\Îl\0xt\0DELETEt\0$ba185893-96a4-11e7-863e-00ff6227aaa1q\0~\0t\0DELETE_ROLEpt\0Âà†Èô§ËßíËâ≤t\0/rolet\0$32d0aeab-8405-11e7-b35a-00ff6227aaa1q\0~\0!sq\0~\0\0\0\0\0w\0\0\0\0xt\0$d69060a3-914b-11e7-8c99-00ff6227aaa1pxt\0$d69060a3-914b-11e7-8c99-00ff6227aaa1psq\0~\0q\0~\0sq\0~\0w\0\0^lÑ\‹\0xt\0GETt\0$943d1ffa-96dd-11e7-863e-00ff6227aaa1q\0~\0!t\0APP_MANAGEDpt\0Â∫îÁî®ÁÆ°ÁêÜt\0/appt\0$113e9c94-8405-11e7-b35a-00ff6227aaa1q\0~\0!sq\0~\0\0\0\0w\0\0\0sq\0~\0q\0~\0sq\0~\0w\0\0^lÑ\‹\0xt\0POSTt\0$b0c7cd02-96dd-11e7-863e-00ff6227aaa1q\0~\0t\0QUERY_APP_TABLEpt\0Êü•ËØ¢Â∫îÁî®Ë°®Ê†ºt\0\r/client/tablet\0$943d1ffa-96dd-11e7-863e-00ff6227aaa1q\0~\0!sq\0~\0\0\0\0\0w\0\0\0\0xt\0$d69060a3-914b-11e7-8c99-00ff6227aaa1psq\0~\0q\0~\0sq\0~\0w\0\0^lÑ\‹\0xt\0POSTt\0$c54a02b8-96dd-11e7-863e-00ff6227aaa1q\0~\0t\0ADD_APPpt\0Êñ∞Â¢ûÂ∫îÁî®t\0/clientt\0$943d1ffa-96dd-11e7-863e-00ff6227aaa1q\0~\0!sq\0~\0\0\0\0\0w\0\0\0\0xt\0$d69060a3-914b-11e7-8c99-00ff6227aaa1psq\0~\0q\0~\0sq\0~\0w\0\0^lÑ\‹\0xt\0PUTt\0$d3fccbfb-96dd-11e7-863e-00ff6227aaa1q\0~\0t\0EDIT_APPpt\0ÁºñËæëÂ∫îÁî®t\0/clientt\0$943d1ffa-96dd-11e7-863e-00ff6227aaa1q\0~\0!sq\0~\0\0\0\0\0w\0\0\0\0xt\0$d69060a3-914b-11e7-8c99-00ff6227aaa1psq\0~\0q\0~\0sq\0~\0w\0\0^lÑ\‹\0xt\0DELETEt\0$e29bd47a-96dd-11e7-863e-00ff6227aaa1q\0~\0t\0\nDELETE_APPpt\0Âà†Èô§Â∫îÁî®t\0/clientt\0$943d1ffa-96dd-11e7-863e-00ff6227aaa1q\0~\0!sq\0~\0\0\0\0\0w\0\0\0\0xt\0$d69060a3-914b-11e7-8c99-00ff6227aaa1pxt\0$d69060a3-914b-11e7-8c99-00ff6227aaa1psq\0~\0q\0~\0sq\0~\0w\0\0^Ö¨\0xpt\0$b25a02e3-92c7-11e7-8c99-00ff6227aaa1q\0~\0!t\0SYSTEM_MANAGEDpt\0Á≥ªÁªüÁÆ°ÁêÜt\0/systemt\0$113e9c94-8405-11e7-b35a-00ff6227aaa1sq\0~\0\0\0\0sq\0~\0\0\0\0w\0\0\0sq\0~\0q\0~\0sq\0~\0w\0\0^W\Îl\0xt\0POSTt\0$2675469b-96a4-11e7-863e-00ff6227aaa1q\0~\0t\0QUERY_SYSTEM_TABLEpt\0Êü•ËØ¢Á≥ªÁªüË°®Ê†ºt\0\r/system/tablet\0$b25a02e3-92c7-11e7-8c99-00ff6227aaa1q\0~\0!sq\0~\0\0\0\0\0w\0\0\0\0xt\0$d69060a3-914b-11e7-8c99-00ff6227aaa1psq\0~\0q\0~\0sq\0~\0w\0\0^lÑ\‹\0xt\0GETt\0$3c6bf3e2-969c-11e7-863e-00ff6227aaa1q\0~\0t\0QUERY_SYSTEMpt\0Êü•ËØ¢Á≥ªÁªüt\0/systemt\0$b25a02e3-92c7-11e7-8c99-00ff6227aaa1psq\0~\0\0\0\0\0w\0\0\0\0xt\0$d69060a3-914b-11e7-8c99-00ff6227aaa1psq\0~\0q\0~\0sq\0~\0w\0\0^W\Îl\0xt\0POSTt\0$42179355-96a4-11e7-863e-00ff6227aaa1q\0~\0t\0\nADD_SYSTEMpt\0Êñ∞Â¢ûÁ≥ªÁªüt\0/systemt\0$b25a02e3-92c7-11e7-8c99-00ff6227aaa1q\0~\0!sq\0~\0\0\0\0\0w\0\0\0\0xt\0$d69060a3-914b-11e7-8c99-00ff6227aaa1psq\0~\0q\0~\0sq\0~\0w\0\0^W\Îl\0xt\0PUTt\0$5039b225-96a4-11e7-863e-00ff6227aaa1q\0~\0t\0EDIT_SYSTEMpt\0ÁºñËæëÁ≥ªÁªüt\0/systemt\0$b25a02e3-92c7-11e7-8c99-00ff6227aaa1q\0~\0!sq\0~\0\0\0\0\0w\0\0\0\0xt\0$d69060a3-914b-11e7-8c99-00ff6227aaa1psq\0~\0q\0~\0sq\0~\0w\0\0^W\Îl\0xt\0DELETEt\0$5c82bed5-96a4-11e7-863e-00ff6227aaa1q\0~\0t\0\rDELETE_SYSTEMpt\0Âà†Èô§Á≥ªÁªüt\0/systemt\0$b25a02e3-92c7-11e7-8c99-00ff6227aaa1q\0~\0!sq\0~\0\0\0\0\0w\0\0\0\0xt\0$d69060a3-914b-11e7-8c99-00ff6227aaa1psq\0~\0q\0~\0sq\0~\0w\0\0^lÑ\‹\0xt\0GETt\0$fe4a6d1f-96a4-11e7-863e-00ff6227aaa1q\0~\0t\0GET_SYSTEM_MODULEpt\0Ëé∑ÂèñÁ≥ªÁªü‰∏éÊ®°Âùót\0/system/modulet\0$b25a02e3-92c7-11e7-8c99-00ff6227aaa1psq\0~\0\0\0\0\0w\0\0\0\0xt\0$d69060a3-914b-11e7-8c99-00ff6227aaa1pxt\0$d69060a3-914b-11e7-8c99-00ff6227aaa1psq\0~\0q\0~\0sq\0~\0w\0\0^Ö¨\0xpt\0$e69131c2-870d-11e7-ad1e-00ff6227aaa1q\0~\0!t\0MODULE_MANAGEDpt\0Ê®°ÂùóÁÆ°ÁêÜt\0/modulet\0$113e9c94-8405-11e7-b35a-00ff6227aaa1q\0~sq\0~\0\0\0\0w\0\0\0sq\0~\0q\0~\0sq\0~\0w\0\0^lÑ\‹\0xt\0POSTt\0$142ce669-96a2-11e7-863e-00ff6227aaa1q\0~\0t\0QUERY_MODULE_TABLEpt\0Êü•ËØ¢Ê®°ÂùóË°®Ê†ºt\0\r/module/tablet\0$e69131c2-870d-11e7-ad1e-00ff6227aaa1psq\0~\0\0\0\0\0w\0\0\0\0xt\0$d69060a3-914b-11e7-8c99-00ff6227aaa1psq\0~\0q\0~\0sq\0~\0w\0\0^lÑ\‹\0xt\0POSTt\0$55c48c41-96a2-11e7-863e-00ff6227aaa1q\0~\0t\0\nADD_MODULEpt\0Êñ∞Â¢ûÊ®°Âùót\0/modulet\0$e69131c2-870d-11e7-ad1e-00ff6227aaa1psq\0~\0\0\0\0\0w\0\0\0\0xt\0$d69060a3-914b-11e7-8c99-00ff6227aaa1psq\0~\0q\0~\0sq\0~\0w\0\0^lÑ\‹\0xt\0GETt\0$56b67433-96dc-11e7-863e-00ff6227aaa1q\0~\0t\0VALIDATE_MODULE_CODEpt\0Ê†°È™åÊ®°Âùót\0/module/validate/{moduleCode}t\0$e69131c2-870d-11e7-ad1e-00ff6227aaa1psq\0~\0\0\0\0\0w\0\0\0\0xt\0$d69060a3-914b-11e7-8c99-00ff6227aaa1psq\0~\0q\0~\0sq\0~\0w\0\0^lÑ\‹\0xt\0PUTt\0$7362412e-96a2-11e7-863e-00ff6227aaa1q\0~\0t\0EDIT_MODULEpt\0ÁºñËæëÊ®°Âùót\0/modulet\0$e69131c2-870d-11e7-ad1e-00ff6227aaa1psq\0~\0\0\0\0\0w\0\0\0\0xt\0$d69060a3-914b-11e7-8c99-00ff6227aaa1psq\0~\0q\0~\0sq\0~\0w\0\0^lÑ\‹\0xt\0DELETEt\0$822f714c-96a2-11e7-863e-00ff6227aaa1q\0~\0t\0\rDELETE_MODULEpt\0Âà†Èô§Ê®°Âùót\0/modulet\0$e69131c2-870d-11e7-ad1e-00ff6227aaa1psq\0~\0\0\0\0\0w\0\0\0\0xt\0$d69060a3-914b-11e7-8c99-00ff6227aaa1psq\0~\0q\0~\0sq\0~\0w\0\0^lÑ\‹\0xt\0POSTt\0$8338ce98-969c-11e7-863e-00ff6227aaa1q\0~\0t\0GET_MODULE_TREEpt\0Ëé∑ÂèñÊ®°ÂùóÊ†ët\0/module/treet\0$e69131c2-870d-11e7-ad1e-00ff6227aaa1psq\0~\0\0\0\0\0w\0\0\0\0xt\0$d69060a3-914b-11e7-8c99-00ff6227aaa1psq\0~\0q\0~\0sq\0~\0w\0\0^W\Îl\0xt\0GETt\0$eff8eda4-937d-11e7-8c99-00ff6227aaa1q\0~\0t\0\nQUERY_MENUpt\0Êü•ËØ¢ËèúÂçït\0/resources/menut\0$e69131c2-870d-11e7-ad1e-00ff6227aaa1q\0~\0!sq\0~\0\0\0\0\0w\0\0\0\0xt\0$d69060a3-914b-11e7-8c99-00ff6227aaa1pxt\0$d69060a3-914b-11e7-8c99-00ff6227aaa1pxt\0$d69060a3-914b-11e7-8c99-00ff6227aaa1sq\0~\0w\0\0^\n¨\0xxt\0sysadmint\0Á≥ªÁªüÁÆ°ÁêÜÂëòpsr\0-com.ricelink.cloud.main.mapper.model.BaseUserV35\Ìm\Õy\0	L\0activeq\0~\0\ZL\0ageq\0~\0\ZL\0\ncreateDateq\0~\0L\0genderq\0~\0L\0idq\0~\0L\0passwordq\0~\0L\0phoneq\0~\0L\0\nupdateDateq\0~\0L\0userNameq\0~\0xpq\0~\0sq\0~\0\0\0\0sq\0~\0w\0\0^pwO\»xt\01t\0$23818141-83b4-11e7-b35a-00ff6227aaa1pt\013000000000pt\0sysadminxq\0~\0psr\0:org.springframework.security.oauth2.provider.OAuth2Request\0\0\0\0\0\0\0\0Z\0approvedL\0authoritiesq\0~\0L\0\nextensionst\0Ljava/util/Map;L\0redirectUriq\0~\0L\0refresht\0;Lorg/springframework/security/oauth2/provider/TokenRequest;L\0resourceIdst\0Ljava/util/Set;L\0\rresponseTypesq\0~®xr\08org.springframework.security.oauth2.provider.BaseRequest6(z>£qiΩ\0L\0clientIdq\0~\0L\0requestParametersq\0~¶L\0scopeq\0~®xpt\0test2sr\0%java.util.Collections$UnmodifiableMap\Ò•®˛t\ıB\0L\0mq\0~¶xpsr\0java.util.HashMap\⁄¡\√`\—\0F\0\nloadFactorI\0	thresholdxp?@\0\0\0\0\0w\0\0\0\0\0\0t\0codet\0cJXQHVt\0\ngrant_typet\0authorization_codet\0\rresponse_typet\0codet\0clientt\0test2t\0redirect_urit\0http://127.0.0.1:8083t\0	client_idq\0~´xsr\0%java.util.Collections$UnmodifiableSetÄí—èõÄU\0\0xq\0~\0	sr\0java.util.LinkedHashSet\ÿl\◊Zï\›*\0\0xr\0java.util.HashSet∫DÖïñ∏∑4\0\0xpw\0\0\0?@\0\0\0\0\0t\0userxsq\0~æw\0\0\0?@\0\0\0\0\0\0xsq\0~Æ?@\0\0\0\0\0\0w\0\0\0\0\0\0\0xt\0http://127.0.0.1:8083psq\0~æw\0\0\0?@\0\0\0\0\0\0xsq\0~æw\0\0\0?@\0\0\0\0\0q\0~µxsr\0Oorg.springframework.security.authentication.UsernamePasswordAuthenticationToken\0\0\0\0\0\0§\0L\0credentialsq\0~\0L\0	principalq\0~\0xq\0~\0sq\0~\0sq\0~\0\0\0\0w\0\0\0q\0~\0xq\0~\…sr\0Horg.springframework.security.web.authentication.WebAuthenticationDetails\0\0\0\0\0\0§\0L\0\rremoteAddressq\0~\0L\0	sessionIdq\0~\0xpt\0	127.0.0.1t\0 1E7F0360C32EA03ABBA110CDF5A75194psr\02org.springframework.security.core.userdetails.User\0\0\0\0\0\0§\0Z\0accountNonExpiredZ\0accountNonLockedZ\0credentialsNonExpiredZ\0enabledL\0authoritiesq\0~®L\0passwordq\0~\0L\0usernameq\0~\0xpsq\0~ªsr\0java.util.TreeSet›òPìï\Ìá[\0\0xpsr\0Forg.springframework.security.core.userdetails.User$AuthorityComparator\0\0\0\0\0\0§\0\0xpw\0\0\0q\0~\0xpq\0~§'),('a468bc59be646b3a0d4c72c9a2889db5',_binary '¨\Ì\0sr\0Lorg.springframework.security.oauth2.common.DefaultExpiringOAuth2RefreshToken/\ﬂGcù\–…∑\0L\0\nexpirationt\0Ljava/util/Date;xr\0Dorg.springframework.security.oauth2.common.DefaultOAuth2RefreshTokens\·\ncT\‘^\0L\0valuet\0Ljava/lang/String;xptÑeyJhbGciOiJSUzI1NiIsInR5cCI6IkpXVCJ9.eyJ1c2VyX2luZm8iOnsiaWQiOiIyMzgxODE0MS04M2I0LTExZTctYjM1YS0wMGZmNjIyN2FhYTEiLCJ1c2VyTmFtZSI6InN5c2FkbWluIiwicGFzc3dvcmQiOm51bGwsInBob25lIjoiMTMwMDAwMDAwMDAiLCJnZW5kZXIiOiIxIiwiYWdlIjoyMiwiYWN0aXZlIjoxLCJjcmVhdGVEYXRlIjoxNTA1MTI1NDIxMDAwLCJ1cGRhdGVEYXRlIjpudWxsfSwidXNlcl9uYW1lIjoic3lzYWRtaW4iLCJzY29wZSI6WyJ1c2VyIl0sImF0aSI6IjlhMTg0NDZkLTViZmItNGEzYi1iODRhLTU3OGFiOTI5N2Q1NiIsImV4cCI6MTUyNDEyMjc0NCwiYXV0aG9yaXRpZXMiOlsic3lzYWRtaW4iXSwianRpIjoiNzhiOWZlYmEtYTBjOC00MmI4LTljMGMtODc5MDEzNTZmMWI3IiwiY2xpZW50X2lkIjoidGVzdCJ9.LJojfunG0JPR2DlPiPiEgHf1Tyc4XtRvvmqH3V1mhkxW32TV0EpC-GLC7oCnlYOJ0CiC3j8l-KOQlJAQKXbVql_cUoXK2XyjRRYQneG0LuzuYKID8JVJjHwLBtEJdOg5948DBpxsgq7ntfPQEjSFbnCKRJPOfZnrrstbfP2MNJpAuXxTwsU-3aVLhS5bEGyeJ3b5O0dAjjAu3Jw3aYgqH2qmLosyoc4L2Y3xLV6jkqclC7kKg8DcC1uTBapwRGRpw8Kn0RN0duaJKWqZxb5NNPwgukhm_OFkb4Le80iI0XDq23NZ7wlEluu4wIGOn8cwziW0l1hoLW2SITA1HWwz4Qsr\0java.util.DatehjÅKYt\0\0xpw\0\0b\‹\Àvx',_binary '¨\Ì\0sr\0Aorg.springframework.security.oauth2.provider.OAuth2AuthenticationΩ@bR\0L\0\rstoredRequestt\0<Lorg/springframework/security/oauth2/provider/OAuth2Request;L\0userAuthenticationt\02Lorg/springframework/security/core/Authentication;xr\0Gorg.springframework.security.authentication.AbstractAuthenticationToken”™(~nGd\0Z\0\rauthenticatedL\0authoritiest\0Ljava/util/Collection;L\0detailst\0Ljava/lang/Object;xp\0sr\0&java.util.Collections$UnmodifiableList¸%1µ\Ïé\0L\0listt\0Ljava/util/List;xr\0,java.util.Collections$UnmodifiableCollectionB\0Ä\À^\˜\0L\0cq\0~\0xpsr\0java.util.ArrayListxÅ\“ô\«aù\0I\0sizexp\0\0\0w\0\0\0sr\06com.ricelink.cloud.auth.pojo.auth.BaseGrantedAuthorityöU\'\"<\‘z\0L\0rolet\0/Lcom/ricelink/cloud/main/mapper/model/BaseRole;L\0usert\0/Lcom/ricelink/cloud/main/mapper/model/BaseUser;xpsr\0-com.ricelink.cloud.main.mapper.model.BaseRole\Ÿyï´%\ı¯\0L\0\ncreateDatet\0Ljava/util/Date;L\0idt\0Ljava/lang/String;L\0modulesq\0~\0L\0roleCodeq\0~\0L\0roleNameq\0~\0L\0\nupdateDateq\0~\0xpsr\0java.util.DatehjÅKYt\0\0xpw\0\0]\\Ï<\0xt\0$ea75bdec-8404-11e7-b35a-00ff6227aaa1sq\0~\0\0\0\0w\0\0\0sr\08com.ricelink.cloud.main.mapper.model.BaseModuleResourcesØu\›¯_\–\ƒ\0L\0activet\0Ljava/lang/Integer;L\0\ncreateDateq\0~\0L\0\nhttpMethodq\0~\0L\0idq\0~\0L\0isOperatingq\0~\0\ZL\0\nmoduleCodeq\0~\0L\0\nmoduleIconq\0~\0L\0\nmoduleNameq\0~\0L\0\nmodulePathq\0~\0L\0parentIdq\0~\0L\0sortq\0~\0\ZL\0\nsubModulesq\0~\0L\0systemIdq\0~\0L\0\nupdateDateq\0~\0xpsr\0java.lang.Integer‚†§\˜Åá8\0I\0valuexr\0java.lang.NumberÜ¨ïî\‡ã\0\0xp\0\0\0sq\0~\0w\0\0]\\Ï<\0xpt\0$113e9c94-8405-11e7-b35a-00ff6227aaa1sq\0~\0\0\0\0\0t\0STSTEM_SETTINGSt\0el-icon-settingt\0Á≥ªÁªüËÆæÁΩÆt\0/systempq\0~\0sq\0~\0\0\0\0w\0\0\0sq\0~\0q\0~\0sq\0~\0w\0\0^lÑ\‹\0xpt\0$2c82fb06-8405-11e7-b35a-00ff6227aaa1q\0~\0!t\0USER_MANAGEDt\0el-icon-menut\0Áî®Êà∑ÁÆ°ÁêÜt\0/usert\0$113e9c94-8405-11e7-b35a-00ff6227aaa1q\0~\0sq\0~\0\0\0\0w\0\0\0sq\0~\0q\0~\0sq\0~\0w\0\0^lÑ\‹\0xt\0GETt\0$5b5c0fe2-96a6-11e7-863e-00ff6227aaa1q\0~\0t\0\rGET_USER_ROLEpt\0Ëé∑ÂèñÂ∑≤ÊéàÊùÉÁöÑËßíËâ≤t\0/user/role/{userId}t\0$2c82fb06-8405-11e7-b35a-00ff6227aaa1psq\0~\0\0\0\0\0w\0\0\0\0xt\0$d69060a3-914b-11e7-8c99-00ff6227aaa1psq\0~\0q\0~\0sq\0~\0w\0\0^lÑ\‹\0xt\0POSTt\0$7bf5a9aa-96a6-11e7-863e-00ff6227aaa1q\0~\0t\0SAVE_USER_ROLEpt\0‰øùÂ≠òÁî®Êà∑ËßíËâ≤ÊéàÊùÉt\0\n/user/rolet\0$2c82fb06-8405-11e7-b35a-00ff6227aaa1psq\0~\0\0\0\0\0w\0\0\0\0xt\0$d69060a3-914b-11e7-8c99-00ff6227aaa1psq\0~\0q\0~\0sq\0~\0w\0\0^W\Îl\0xt\0POSTt\0$7e97b3b3-96a5-11e7-863e-00ff6227aaa1q\0~\0t\0QUERY_USER_TABLEpt\0Êü•ËØ¢Áî®Êà∑Ë°®Ê†ºt\0/user/tablet\0$2c82fb06-8405-11e7-b35a-00ff6227aaa1q\0~\0!sq\0~\0\0\0\0\0w\0\0\0\0xt\0$d69060a3-914b-11e7-8c99-00ff6227aaa1psq\0~\0q\0~\0sq\0~\0w\0\0^lÑ\‹\0xt\0GETt\0$8e669afe-96dc-11e7-863e-00ff6227aaa1q\0~\0t\0VALIDATE_USER_NAMEpt\0Ê†°È™åÁî®Êà∑Âêçt\0/user/validate/{userName}t\0$2c82fb06-8405-11e7-b35a-00ff6227aaa1psq\0~\0\0\0\0\0w\0\0\0\0xt\0$d69060a3-914b-11e7-8c99-00ff6227aaa1psq\0~\0q\0~\0sq\0~\0w\0\0^W\Îl\0xt\0POSTt\0$9d74d7eb-96a5-11e7-863e-00ff6227aaa1q\0~\0t\0ADD_USERpt\0Êñ∞Â¢ûÁî®Êà∑t\0/usert\0$2c82fb06-8405-11e7-b35a-00ff6227aaa1q\0~\0!sq\0~\0\0\0\0\0w\0\0\0\0xt\0$d69060a3-914b-11e7-8c99-00ff6227aaa1psq\0~\0q\0~\0sq\0~\0w\0\0^W\Îl\0xt\0PUTt\0$adc1e2dc-96a5-11e7-863e-00ff6227aaa1q\0~\0t\0	EDIT_USERpt\0ÁºñËæëÁî®Êà∑t\0/usert\0$2c82fb06-8405-11e7-b35a-00ff6227aaa1q\0~\0!sq\0~\0\0\0\0\0w\0\0\0\0xt\0$d69060a3-914b-11e7-8c99-00ff6227aaa1psq\0~\0q\0~\0sq\0~\0w\0\0^W\Îl\0xt\0PUTt\0$c3e5fc76-96a5-11e7-863e-00ff6227aaa1q\0~\0t\0DELETE_USERpt\0Âà†Èô§Áî®Êà∑t\0/usert\0$2c82fb06-8405-11e7-b35a-00ff6227aaa1q\0~\0!sq\0~\0\0\0\0\0w\0\0\0\0xt\0$d69060a3-914b-11e7-8c99-00ff6227aaa1psq\0~\0q\0~\0sq\0~\0w\0\0^W\Îl\0xt\0POSTt\0$e1ff4d1d-96a5-11e7-863e-00ff6227aaa1q\0~\0t\0RESET_PASSWORDpt\0ÈáçÁΩÆÂØÜÁ†Åt\0/user/password/{newPassword}t\0$2c82fb06-8405-11e7-b35a-00ff6227aaa1q\0~\0!sq\0~\0\0\0\0\0w\0\0\0\0xt\0$d69060a3-914b-11e7-8c99-00ff6227aaa1pxt\0$d69060a3-914b-11e7-8c99-00ff6227aaa1sq\0~\0w\0\0^\n¨\0xsq\0~\0q\0~\0sq\0~\0w\0\0^lÑ\‹\0xpt\0$32d0aeab-8405-11e7-b35a-00ff6227aaa1q\0~\0!t\0ROLE_MANAGEDpt\0ËßíËâ≤ÁÆ°ÁêÜt\0/rolet\0$113e9c94-8405-11e7-b35a-00ff6227aaa1sq\0~\0\0\0\0sq\0~\0\0\0\0w\0\0\0sq\0~\0q\0~\0sq\0~\0w\0\0^W\Îl\0xt\0GETt\0$26305844-96a5-11e7-863e-00ff6227aaa1q\0~\0t\0GET_ROLE_AUTH_MODULEpt\0Ëé∑ÂèñÂ∑≤ÊéàÊùÉÁöÑÊ®°Âùót\0/role/auth/{roleId}t\0$32d0aeab-8405-11e7-b35a-00ff6227aaa1q\0~\0!sq\0~\0\0\0\0\0w\0\0\0\0xt\0$d69060a3-914b-11e7-8c99-00ff6227aaa1psq\0~\0q\0~\0sq\0~\0w\0\0^lÑ\‹\0xt\0GETt\0$31e6c4b8-96a6-11e7-863e-00ff6227aaa1q\0~\0t\0	GET_ROLESpt\0Ëé∑ÂèñÊâÄÊúâËßíËâ≤t\0/rolet\0$32d0aeab-8405-11e7-b35a-00ff6227aaa1psq\0~\0\0\0\0\0w\0\0\0\0xt\0$d69060a3-914b-11e7-8c99-00ff6227aaa1psq\0~\0q\0~\0sq\0~\0w\0\0^W\Îl\0xt\0POSTt\0$4b7f31dc-96a5-11e7-863e-00ff6227aaa1q\0~\0t\0SAVE_ROLE_AUTH_MODULEpt\0‰øùÂ≠òÊéàÊùÉÊ®°Âùót\0/module/rolet\0$32d0aeab-8405-11e7-b35a-00ff6227aaa1q\0~\0!sq\0~\0\0\0\0\0w\0\0\0\0xt\0$d69060a3-914b-11e7-8c99-00ff6227aaa1psq\0~\0q\0~\0sq\0~\0w\0\0^W\Îl\0xt\0POSTt\0$8f84a111-96a4-11e7-863e-00ff6227aaa1q\0~\0t\0QUERY_ROLE_TABLEpt\0Êü•ËØ¢ËßíËâ≤Ë°®Ê†ºt\0/role/tablet\0$32d0aeab-8405-11e7-b35a-00ff6227aaa1q\0~\0!sq\0~\0\0\0\0\0w\0\0\0\0xt\0$d69060a3-914b-11e7-8c99-00ff6227aaa1psq\0~\0q\0~\0sq\0~\0w\0\0^W\Îl\0xt\0POSTt\0$9fe933bc-96a4-11e7-863e-00ff6227aaa1q\0~\0t\0ADD_ROLEpt\0Êñ∞Â¢ûËßíËâ≤t\0/rolet\0$32d0aeab-8405-11e7-b35a-00ff6227aaa1q\0~\0!sq\0~\0\0\0\0\0w\0\0\0\0xt\0$d69060a3-914b-11e7-8c99-00ff6227aaa1psq\0~\0q\0~\0sq\0~\0w\0\0^W\Îl\0xt\0PUTt\0$ad04ec2c-96a4-11e7-863e-00ff6227aaa1q\0~\0t\0	EDIT_ROLEpt\0ÁºñËæëËßíËâ≤t\0/rolet\0$32d0aeab-8405-11e7-b35a-00ff6227aaa1q\0~\0!sq\0~\0\0\0\0\0w\0\0\0\0xt\0$d69060a3-914b-11e7-8c99-00ff6227aaa1psq\0~\0q\0~\0sq\0~\0w\0\0^W\Îl\0xt\0DELETEt\0$ba185893-96a4-11e7-863e-00ff6227aaa1q\0~\0t\0DELETE_ROLEpt\0Âà†Èô§ËßíËâ≤t\0/rolet\0$32d0aeab-8405-11e7-b35a-00ff6227aaa1q\0~\0!sq\0~\0\0\0\0\0w\0\0\0\0xt\0$d69060a3-914b-11e7-8c99-00ff6227aaa1pxt\0$d69060a3-914b-11e7-8c99-00ff6227aaa1psq\0~\0q\0~\0sq\0~\0w\0\0^lÑ\‹\0xt\0GETt\0$943d1ffa-96dd-11e7-863e-00ff6227aaa1q\0~\0!t\0APP_MANAGEDpt\0Â∫îÁî®ÁÆ°ÁêÜt\0/appt\0$113e9c94-8405-11e7-b35a-00ff6227aaa1q\0~\0!sq\0~\0\0\0\0w\0\0\0sq\0~\0q\0~\0sq\0~\0w\0\0^lÑ\‹\0xt\0POSTt\0$b0c7cd02-96dd-11e7-863e-00ff6227aaa1q\0~\0t\0QUERY_APP_TABLEpt\0Êü•ËØ¢Â∫îÁî®Ë°®Ê†ºt\0\r/client/tablet\0$943d1ffa-96dd-11e7-863e-00ff6227aaa1q\0~\0!sq\0~\0\0\0\0\0w\0\0\0\0xt\0$d69060a3-914b-11e7-8c99-00ff6227aaa1psq\0~\0q\0~\0sq\0~\0w\0\0^lÑ\‹\0xt\0POSTt\0$c54a02b8-96dd-11e7-863e-00ff6227aaa1q\0~\0t\0ADD_APPpt\0Êñ∞Â¢ûÂ∫îÁî®t\0/clientt\0$943d1ffa-96dd-11e7-863e-00ff6227aaa1q\0~\0!sq\0~\0\0\0\0\0w\0\0\0\0xt\0$d69060a3-914b-11e7-8c99-00ff6227aaa1psq\0~\0q\0~\0sq\0~\0w\0\0^lÑ\‹\0xt\0PUTt\0$d3fccbfb-96dd-11e7-863e-00ff6227aaa1q\0~\0t\0EDIT_APPpt\0ÁºñËæëÂ∫îÁî®t\0/clientt\0$943d1ffa-96dd-11e7-863e-00ff6227aaa1q\0~\0!sq\0~\0\0\0\0\0w\0\0\0\0xt\0$d69060a3-914b-11e7-8c99-00ff6227aaa1psq\0~\0q\0~\0sq\0~\0w\0\0^lÑ\‹\0xt\0DELETEt\0$e29bd47a-96dd-11e7-863e-00ff6227aaa1q\0~\0t\0\nDELETE_APPpt\0Âà†Èô§Â∫îÁî®t\0/clientt\0$943d1ffa-96dd-11e7-863e-00ff6227aaa1q\0~\0!sq\0~\0\0\0\0\0w\0\0\0\0xt\0$d69060a3-914b-11e7-8c99-00ff6227aaa1pxt\0$d69060a3-914b-11e7-8c99-00ff6227aaa1psq\0~\0q\0~\0sq\0~\0w\0\0^Ö¨\0xpt\0$b25a02e3-92c7-11e7-8c99-00ff6227aaa1q\0~\0!t\0SYSTEM_MANAGEDpt\0Á≥ªÁªüÁÆ°ÁêÜt\0/systemt\0$113e9c94-8405-11e7-b35a-00ff6227aaa1sq\0~\0\0\0\0sq\0~\0\0\0\0w\0\0\0sq\0~\0q\0~\0sq\0~\0w\0\0^W\Îl\0xt\0POSTt\0$2675469b-96a4-11e7-863e-00ff6227aaa1q\0~\0t\0QUERY_SYSTEM_TABLEpt\0Êü•ËØ¢Á≥ªÁªüË°®Ê†ºt\0\r/system/tablet\0$b25a02e3-92c7-11e7-8c99-00ff6227aaa1q\0~\0!sq\0~\0\0\0\0\0w\0\0\0\0xt\0$d69060a3-914b-11e7-8c99-00ff6227aaa1psq\0~\0q\0~\0sq\0~\0w\0\0^lÑ\‹\0xt\0GETt\0$3c6bf3e2-969c-11e7-863e-00ff6227aaa1q\0~\0t\0QUERY_SYSTEMpt\0Êü•ËØ¢Á≥ªÁªüt\0/systemt\0$b25a02e3-92c7-11e7-8c99-00ff6227aaa1psq\0~\0\0\0\0\0w\0\0\0\0xt\0$d69060a3-914b-11e7-8c99-00ff6227aaa1psq\0~\0q\0~\0sq\0~\0w\0\0^W\Îl\0xt\0POSTt\0$42179355-96a4-11e7-863e-00ff6227aaa1q\0~\0t\0\nADD_SYSTEMpt\0Êñ∞Â¢ûÁ≥ªÁªüt\0/systemt\0$b25a02e3-92c7-11e7-8c99-00ff6227aaa1q\0~\0!sq\0~\0\0\0\0\0w\0\0\0\0xt\0$d69060a3-914b-11e7-8c99-00ff6227aaa1psq\0~\0q\0~\0sq\0~\0w\0\0^W\Îl\0xt\0PUTt\0$5039b225-96a4-11e7-863e-00ff6227aaa1q\0~\0t\0EDIT_SYSTEMpt\0ÁºñËæëÁ≥ªÁªüt\0/systemt\0$b25a02e3-92c7-11e7-8c99-00ff6227aaa1q\0~\0!sq\0~\0\0\0\0\0w\0\0\0\0xt\0$d69060a3-914b-11e7-8c99-00ff6227aaa1psq\0~\0q\0~\0sq\0~\0w\0\0^W\Îl\0xt\0DELETEt\0$5c82bed5-96a4-11e7-863e-00ff6227aaa1q\0~\0t\0\rDELETE_SYSTEMpt\0Âà†Èô§Á≥ªÁªüt\0/systemt\0$b25a02e3-92c7-11e7-8c99-00ff6227aaa1q\0~\0!sq\0~\0\0\0\0\0w\0\0\0\0xt\0$d69060a3-914b-11e7-8c99-00ff6227aaa1psq\0~\0q\0~\0sq\0~\0w\0\0^lÑ\‹\0xt\0GETt\0$fe4a6d1f-96a4-11e7-863e-00ff6227aaa1q\0~\0t\0GET_SYSTEM_MODULEpt\0Ëé∑ÂèñÁ≥ªÁªü‰∏éÊ®°Âùót\0/system/modulet\0$b25a02e3-92c7-11e7-8c99-00ff6227aaa1psq\0~\0\0\0\0\0w\0\0\0\0xt\0$d69060a3-914b-11e7-8c99-00ff6227aaa1pxt\0$d69060a3-914b-11e7-8c99-00ff6227aaa1psq\0~\0q\0~\0sq\0~\0w\0\0^Ö¨\0xpt\0$e69131c2-870d-11e7-ad1e-00ff6227aaa1q\0~\0!t\0MODULE_MANAGEDpt\0Ê®°ÂùóÁÆ°ÁêÜt\0/modulet\0$113e9c94-8405-11e7-b35a-00ff6227aaa1q\0~sq\0~\0\0\0\0w\0\0\0sq\0~\0q\0~\0sq\0~\0w\0\0^lÑ\‹\0xt\0POSTt\0$142ce669-96a2-11e7-863e-00ff6227aaa1q\0~\0t\0QUERY_MODULE_TABLEpt\0Êü•ËØ¢Ê®°ÂùóË°®Ê†ºt\0\r/module/tablet\0$e69131c2-870d-11e7-ad1e-00ff6227aaa1psq\0~\0\0\0\0\0w\0\0\0\0xt\0$d69060a3-914b-11e7-8c99-00ff6227aaa1psq\0~\0q\0~\0sq\0~\0w\0\0^lÑ\‹\0xt\0POSTt\0$55c48c41-96a2-11e7-863e-00ff6227aaa1q\0~\0t\0\nADD_MODULEpt\0Êñ∞Â¢ûÊ®°Âùót\0/modulet\0$e69131c2-870d-11e7-ad1e-00ff6227aaa1psq\0~\0\0\0\0\0w\0\0\0\0xt\0$d69060a3-914b-11e7-8c99-00ff6227aaa1psq\0~\0q\0~\0sq\0~\0w\0\0^lÑ\‹\0xt\0GETt\0$56b67433-96dc-11e7-863e-00ff6227aaa1q\0~\0t\0VALIDATE_MODULE_CODEpt\0Ê†°È™åÊ®°Âùót\0/module/validate/{moduleCode}t\0$e69131c2-870d-11e7-ad1e-00ff6227aaa1psq\0~\0\0\0\0\0w\0\0\0\0xt\0$d69060a3-914b-11e7-8c99-00ff6227aaa1psq\0~\0q\0~\0sq\0~\0w\0\0^lÑ\‹\0xt\0PUTt\0$7362412e-96a2-11e7-863e-00ff6227aaa1q\0~\0t\0EDIT_MODULEpt\0ÁºñËæëÊ®°Âùót\0/modulet\0$e69131c2-870d-11e7-ad1e-00ff6227aaa1psq\0~\0\0\0\0\0w\0\0\0\0xt\0$d69060a3-914b-11e7-8c99-00ff6227aaa1psq\0~\0q\0~\0sq\0~\0w\0\0^lÑ\‹\0xt\0DELETEt\0$822f714c-96a2-11e7-863e-00ff6227aaa1q\0~\0t\0\rDELETE_MODULEpt\0Âà†Èô§Ê®°Âùót\0/modulet\0$e69131c2-870d-11e7-ad1e-00ff6227aaa1psq\0~\0\0\0\0\0w\0\0\0\0xt\0$d69060a3-914b-11e7-8c99-00ff6227aaa1psq\0~\0q\0~\0sq\0~\0w\0\0^lÑ\‹\0xt\0POSTt\0$8338ce98-969c-11e7-863e-00ff6227aaa1q\0~\0t\0GET_MODULE_TREEpt\0Ëé∑ÂèñÊ®°ÂùóÊ†ët\0/module/treet\0$e69131c2-870d-11e7-ad1e-00ff6227aaa1psq\0~\0\0\0\0\0w\0\0\0\0xt\0$d69060a3-914b-11e7-8c99-00ff6227aaa1psq\0~\0q\0~\0sq\0~\0w\0\0^W\Îl\0xt\0GETt\0$eff8eda4-937d-11e7-8c99-00ff6227aaa1q\0~\0t\0\nQUERY_MENUpt\0Êü•ËØ¢ËèúÂçït\0/resources/menut\0$e69131c2-870d-11e7-ad1e-00ff6227aaa1q\0~\0!sq\0~\0\0\0\0\0w\0\0\0\0xt\0$d69060a3-914b-11e7-8c99-00ff6227aaa1pxt\0$d69060a3-914b-11e7-8c99-00ff6227aaa1pxt\0$d69060a3-914b-11e7-8c99-00ff6227aaa1sq\0~\0w\0\0^\n¨\0xxt\0sysadmint\0Á≥ªÁªüÁÆ°ÁêÜÂëòpsr\0-com.ricelink.cloud.main.mapper.model.BaseUserV35\Ìm\Õy\0	L\0activeq\0~\0\ZL\0ageq\0~\0\ZL\0\ncreateDateq\0~\0L\0genderq\0~\0L\0idq\0~\0L\0passwordq\0~\0L\0phoneq\0~\0L\0\nupdateDateq\0~\0L\0userNameq\0~\0xpq\0~\0sq\0~\0\0\0\0sq\0~\0w\0\0^pwO\»xt\01t\0$23818141-83b4-11e7-b35a-00ff6227aaa1pt\013000000000pt\0sysadminxq\0~\0psr\0:org.springframework.security.oauth2.provider.OAuth2Request\0\0\0\0\0\0\0\0Z\0approvedL\0authoritiesq\0~\0L\0\nextensionst\0Ljava/util/Map;L\0redirectUriq\0~\0L\0refresht\0;Lorg/springframework/security/oauth2/provider/TokenRequest;L\0resourceIdst\0Ljava/util/Set;L\0\rresponseTypesq\0~®xr\08org.springframework.security.oauth2.provider.BaseRequest6(z>£qiΩ\0L\0clientIdq\0~\0L\0requestParametersq\0~¶L\0scopeq\0~®xpt\0testsr\0%java.util.Collections$UnmodifiableMap\Ò•®˛t\ıB\0L\0mq\0~¶xpsr\0java.util.HashMap\⁄¡\√`\—\0F\0\nloadFactorI\0	thresholdxp?@\0\0\0\0\0w\0\0\0\0\0\0t\0codet\0OAlD21t\0\ngrant_typet\0authorization_codet\0\rresponse_typet\0codet\0clientt\0testt\0redirect_urit\0http://127.0.0.1:8083t\0	client_idq\0~´xsr\0%java.util.Collections$UnmodifiableSetÄí—èõÄU\0\0xq\0~\0	sr\0java.util.LinkedHashSet\ÿl\◊Zï\›*\0\0xr\0java.util.HashSet∫DÖïñ∏∑4\0\0xpw\0\0\0?@\0\0\0\0\0t\0userxsq\0~æw\0\0\0?@\0\0\0\0\0\0xsq\0~Æ?@\0\0\0\0\0\0w\0\0\0\0\0\0\0xt\0http://127.0.0.1:8083psq\0~æw\0\0\0?@\0\0\0\0\0\0xsq\0~æw\0\0\0?@\0\0\0\0\0q\0~µxsr\0Oorg.springframework.security.authentication.UsernamePasswordAuthenticationToken\0\0\0\0\0\0§\0L\0credentialsq\0~\0L\0	principalq\0~\0xq\0~\0sq\0~\0sq\0~\0\0\0\0w\0\0\0q\0~\0xq\0~\…sr\0Horg.springframework.security.web.authentication.WebAuthenticationDetails\0\0\0\0\0\0§\0L\0\rremoteAddressq\0~\0L\0	sessionIdq\0~\0xpt\0	127.0.0.1t\0 255CE6A8FDA6BDD520C50FD3C0D273A6psr\02org.springframework.security.core.userdetails.User\0\0\0\0\0\0§\0Z\0accountNonExpiredZ\0accountNonLockedZ\0credentialsNonExpiredZ\0enabledL\0authoritiesq\0~®L\0passwordq\0~\0L\0usernameq\0~\0xpsq\0~ªsr\0java.util.TreeSet›òPìï\Ìá[\0\0xpsr\0Forg.springframework.security.core.userdetails.User$AuthorityComparator\0\0\0\0\0\0§\0\0xpw\0\0\0q\0~\0xpq\0~§');
/*!40000 ALTER TABLE `oauth_refresh_token` ENABLE KEYS */;
UNLOCK TABLES;
/*!40103 SET TIME_ZONE=@OLD_TIME_ZONE */;

/*!40101 SET SQL_MODE=@OLD_SQL_MODE */;
/*!40014 SET FOREIGN_KEY_CHECKS=@OLD_FOREIGN_KEY_CHECKS */;
/*!40014 SET UNIQUE_CHECKS=@OLD_UNIQUE_CHECKS */;
/*!40101 SET CHARACTER_SET_CLIENT=@OLD_CHARACTER_SET_CLIENT */;
/*!40101 SET CHARACTER_SET_RESULTS=@OLD_CHARACTER_SET_RESULTS */;
/*!40101 SET COLLATION_CONNECTION=@OLD_COLLATION_CONNECTION */;
/*!40111 SET SQL_NOTES=@OLD_SQL_NOTES */;

-- Dump completed on 2024-04-13 17:25:43
